time,volt
20-Jan-2021 (23:22:13.308897),10.000498107629424
20-Jan-2021 (23:22:15.115159),10.000498012234393
20-Jan-2021 (23:22:15.124135),10.0004977192132
20-Jan-2021 (23:22:16.928308),10.000497787682447
20-Jan-2021 (23:22:16.937283),10.000497698140173
20-Jan-2021 (23:22:18.740463),10.000497991233056
20-Jan-2021 (23:22:20.548625),10.000497805768228
20-Jan-2021 (23:22:20.557602),10.000497558321287
20-Jan-2021 (23:22:22.291962),10.000497642572142
20-Jan-2021 (23:22:22.300939),10.000497925715884
20-Jan-2021 (23:22:24.105166),10.000497865326468
20-Jan-2021 (23:22:25.911945),10.000498098017083
20-Jan-2021 (23:22:25.921921),10.000498111988893
20-Jan-2021 (23:22:27.725068),10.00049772647808
20-Jan-2021 (23:22:27.735066),10.000497953428887
20-Jan-2021 (23:22:29.537350),10.000497985379624
20-Jan-2021 (23:22:29.546326),10.000497488961342
20-Jan-2021 (23:22:31.280687),10.000497610170981
20-Jan-2021 (23:22:33.088969),10.000497455449015
20-Jan-2021 (23:22:33.097945),10.000497690778579
20-Jan-2021 (23:22:34.901124),10.00049744357172
20-Jan-2021 (23:22:34.910106),10.00049738108508
20-Jan-2021 (23:22:36.713365),10.000497368962966
20-Jan-2021 (23:22:38.520613),10.00049757335422
20-Jan-2021 (23:22:38.530589),10.000498141609759
20-Jan-2021 (23:22:40.264947),10.000497945631077
20-Jan-2021 (23:22:40.273924),10.000498261091437
20-Jan-2021 (23:22:42.078071),10.000498356671775
20-Jan-2021 (23:22:42.087074),10.000498072938294
20-Jan-2021 (23:22:43.890247),10.000497835662996
20-Jan-2021 (23:22:45.697237),10.000497940596652
20-Jan-2021 (23:22:45.708183),10.000497814484467
20-Jan-2021 (23:22:47.510389),10.000497531439464
20-Jan-2021 (23:22:47.519511),10.000497780030718
20-Jan-2021 (23:22:49.253872),10.000498424438343
20-Jan-2021 (23:22:51.061039),10.000498399227672
20-Jan-2021 (23:22:51.070015),10.00049803283874
20-Jan-2021 (23:22:52.873192),10.000498412210048
20-Jan-2021 (23:22:52.883255),10.000498286599004
20-Jan-2021 (23:22:54.686431),10.000498072909211
20-Jan-2021 (23:22:56.493578),10.000498208490365
20-Jan-2021 (23:22:56.504541),10.000498102329212
20-Jan-2021 (23:22:58.236934),10.000498081063439
20-Jan-2021 (23:22:58.245911),10.000498478049817
20-Jan-2021 (23:23:00.049088),10.000498405271822
20-Jan-2021 (23:23:00.058065),10.000498564870636
20-Jan-2021 (23:23:01.863209),10.000498520281763
20-Jan-2021 (23:23:03.670462),10.000498338431118
20-Jan-2021 (23:23:03.679437),10.000498321834561
20-Jan-2021 (23:23:05.482615),10.000498548675129
20-Jan-2021 (23:23:05.492588),10.000497967569775
20-Jan-2021 (23:23:07.225950),10.00049866982458
20-Jan-2021 (23:23:09.032122),10.000498274737268
20-Jan-2021 (23:23:09.041101),10.000498435324843
20-Jan-2021 (23:23:10.846270),10.000498560058041
20-Jan-2021 (23:23:10.855246),10.000498293728626
20-Jan-2021 (23:23:12.659423),10.000498074274674
20-Jan-2021 (23:23:12.668397),10.000498471729058
20-Jan-2021 (23:23:14.470575),10.000498329459916
20-Jan-2021 (23:23:16.278747),10.000498778018708
20-Jan-2021 (23:23:16.288715),10.000498688096346
20-Jan-2021 (23:23:18.022086),10.00049831734727
20-Jan-2021 (23:23:18.031054),10.000497990745437
20-Jan-2021 (23:23:19.834241),10.00049852415632
20-Jan-2021 (23:23:21.643398),10.000498257672707
20-Jan-2021 (23:23:21.652369),10.000497792649242
20-Jan-2021 (23:23:23.455541),10.000498216632414
20-Jan-2021 (23:23:23.464522),10.000498122021897
20-Jan-2021 (23:23:25.268696),10.00049803437734
20-Jan-2021 (23:23:27.006055),10.000498098015733
20-Jan-2021 (23:23:27.015026),10.000498357339964
20-Jan-2021 (23:23:28.818203),10.000497653984134
20-Jan-2021 (23:23:28.828150),10.000497841203975
20-Jan-2021 (23:23:30.631327),10.000497683694947
20-Jan-2021 (23:23:30.641300),10.000497796822051
20-Jan-2021 (23:23:32.444505),10.000497748853675
20-Jan-2021 (23:23:34.251672),10.000498575667189
20-Jan-2021 (23:23:34.260648),10.000497736939863
20-Jan-2021 (23:23:35.995979),10.000498134559942
20-Jan-2021 (23:23:36.004977),10.000498327334284
20-Jan-2021 (23:23:37.807162),10.000498314383696
20-Jan-2021 (23:23:39.615326),10.000497937781864
20-Jan-2021 (23:23:39.625300),10.000498445652717
20-Jan-2021 (23:23:41.428473),10.000498148307218
20-Jan-2021 (23:23:41.437451),10.000498212882972
20-Jan-2021 (23:23:43.240630),10.000498491342615
20-Jan-2021 (23:23:43.250604),10.000498400146773
20-Jan-2021 (23:23:44.983968),10.000498553957083
20-Jan-2021 (23:23:46.791129),10.000498531130392
20-Jan-2021 (23:23:46.800109),10.000498587829206
20-Jan-2021 (23:23:48.604285),10.000498558998268
20-Jan-2021 (23:23:48.613262),10.00049813577797
20-Jan-2021 (23:23:50.416438),10.000498258987449
20-Jan-2021 (23:23:52.224603),10.000498222548742
20-Jan-2021 (23:23:52.233582),10.000498229392287
20-Jan-2021 (23:23:53.966949),10.000498225463621
20-Jan-2021 (23:23:53.976917),10.000498363694538
20-Jan-2021 (23:23:55.780067),10.000498099584085
20-Jan-2021 (23:23:57.588257),10.00049808414604
20-Jan-2021 (23:23:57.597215),10.000498085428317
20-Jan-2021 (23:23:59.400411),10.000498114459441
20-Jan-2021 (23:23:59.410384),10.000498343823306
20-Jan-2021 (23:24:01.213563),10.000498207588171
20-Jan-2021 (23:24:01.223531),10.000498125920807
20-Jan-2021 (23:24:02.955902),10.000497808304377
20-Jan-2021 (23:24:04.763413),10.000497920636146
20-Jan-2021 (23:24:04.773362),10.00049808912095
20-Jan-2021 (23:24:06.576564),10.000497961581761
20-Jan-2021 (23:24:06.585542),10.00049818976885
20-Jan-2021 (23:24:08.389720),10.000497825461592
20-Jan-2021 (23:24:10.195907),10.000497864307274
20-Jan-2021 (23:24:10.205854),10.000498385822604
20-Jan-2021 (23:24:12.010211),10.00049817209494
20-Jan-2021 (23:24:12.019183),10.000498214262638
20-Jan-2021 (23:24:13.752834),10.00049787781108
20-Jan-2021 (23:24:13.762799),10.000497598625085
20-Jan-2021 (23:24:15.566005),10.000497590576362
20-Jan-2021 (23:24:17.373257),10.000498072938294
20-Jan-2021 (23:24:17.382233),10.000498357144513
20-Jan-2021 (23:24:19.186408),10.00049788613303
20-Jan-2021 (23:24:19.195384),10.000498271829828
20-Jan-2021 (23:24:20.998562),10.000498566863712
20-Jan-2021 (23:24:22.735914),10.000498094927039
20-Jan-2021 (23:24:22.744885),10.00049817111159
20-Jan-2021 (23:24:24.549038),10.00049845915585
20-Jan-2021 (23:24:24.558045),10.000498094434013
20-Jan-2021 (23:24:26.361219),10.000498485291706
20-Jan-2021 (23:24:28.169383),10.000498040471534
20-Jan-2021 (23:24:28.181351),10.0004977777049
20-Jan-2021 (23:24:29.981536),10.000497839076992
20-Jan-2021 (23:24:29.990516),10.000497891753135
20-Jan-2021 (23:24:31.725871),10.000497725387874
20-Jan-2021 (23:24:31.734847),10.000497843926109
20-Jan-2021 (23:24:33.538032),10.00049798070567
20-Jan-2021 (23:24:35.346188),10.000498248667014
20-Jan-2021 (23:24:35.355164),10.00049821497411
20-Jan-2021 (23:24:37.158344),10.000498180404715
20-Jan-2021 (23:24:37.167317),10.000498059278257
20-Jan-2021 (23:24:38.971492),10.000497792700639
20-Jan-2021 (23:24:40.708848),10.000498192340844
20-Jan-2021 (23:24:40.717821),10.000498325360823
20-Jan-2021 (23:24:42.521997),10.000497858580314
20-Jan-2021 (23:24:42.529948),10.00049789193168
20-Jan-2021 (23:24:44.334148),10.0004982612923
20-Jan-2021 (23:24:44.344118),10.000498328568543
20-Jan-2021 (23:24:46.147296),10.000498160442183
20-Jan-2021 (23:24:47.954468),10.00049805387863
20-Jan-2021 (23:24:47.963416),10.00049830237182
20-Jan-2021 (23:24:49.696781),10.000498289449636
20-Jan-2021 (23:24:49.706784),10.000497871213037
20-Jan-2021 (23:24:51.510955),10.000497725426424
20-Jan-2021 (23:24:53.318122),10.000498068452353
20-Jan-2021 (23:24:53.327105),10.000497881499655
20-Jan-2021 (23:24:55.131273),10.00049844148329
20-Jan-2021 (23:24:55.140252),10.000498088019924
20-Jan-2021 (23:24:56.944423),10.000498202049222
20-Jan-2021 (23:24:56.953402),10.00049761986854
20-Jan-2021 (23:24:58.686763),10.000497844078952
20-Jan-2021 (23:25:00.493929),10.000498292722282
20-Jan-2021 (23:25:00.503903),10.00049758811258
20-Jan-2021 (23:25:02.307083),10.000497623245337
20-Jan-2021 (23:25:02.316057),10.000497528611827
20-Jan-2021 (23:25:04.119234),10.000497792501806
20-Jan-2021 (23:25:05.927402),10.000497916648644
20-Jan-2021 (23:25:05.936374),10.000498163565364
20-Jan-2021 (23:25:07.738558),10.000498191038279
20-Jan-2021 (23:25:07.748502),10.000498367464271
20-Jan-2021 (23:25:09.483890),10.000498395532334
20-Jan-2021 (23:25:11.291121),10.000497790807657
20-Jan-2021 (23:25:11.300126),10.000497953797474
20-Jan-2021 (23:25:13.104298),10.000497891590824
20-Jan-2021 (23:25:13.113277),10.000497800171118
20-Jan-2021 (23:25:14.917350),10.00049736891833
20-Jan-2021 (23:25:14.926326),10.000497785688696
20-Jan-2021 (23:25:16.729779),10.000497881876356
20-Jan-2021 (23:25:18.467200),10.000497970997296
20-Jan-2021 (23:25:18.476155),10.000498051257944
20-Jan-2021 (23:25:20.280394),10.000498158007481
20-Jan-2021 (23:25:20.289371),10.000497856156429
20-Jan-2021 (23:25:22.092774),10.00049791909417
20-Jan-2021 (23:25:23.899970),10.0004975007825
20-Jan-2021 (23:25:23.909970),10.000497753184064
20-Jan-2021 (23:25:25.712476),10.000497405403701
20-Jan-2021 (23:25:25.721426),10.000497674593216
20-Jan-2021 (23:25:27.456109),10.00049794517795
20-Jan-2021 (23:25:27.465086),10.00049800946154
20-Jan-2021 (23:25:29.268560),10.000497531569316
20-Jan-2021 (23:25:31.075538),10.00049853756815
20-Jan-2021 (23:25:31.085511),10.000497904210697
20-Jan-2021 (23:25:32.888580),10.000497798874639
20-Jan-2021 (23:25:32.898528),10.000497622640044
20-Jan-2021 (23:25:34.701577),10.000497901479772
20-Jan-2021 (23:25:36.438926),10.00049818544252
20-Jan-2021 (23:25:36.447903),10.000497735243009
20-Jan-2021 (23:25:38.251647),10.000498189073609
20-Jan-2021 (23:25:38.261621),10.000498335188905
20-Jan-2021 (23:25:40.064796),10.000497630315442
20-Jan-2021 (23:25:41.871966),10.00049731309736
20-Jan-2021 (23:25:41.880941),10.000497324902964
20-Jan-2021 (23:25:43.685124),10.000497736862764
20-Jan-2021 (23:25:43.694092),10.000498415129663
20-Jan-2021 (23:25:45.428448),10.000498029771693
20-Jan-2021 (23:25:45.438423),10.000497708957015
20-Jan-2021 (23:25:47.241608),10.000497907791061
20-Jan-2021 (23:25:49.048771),10.000497875103825
20-Jan-2021 (23:25:49.057746),10.000497940134734
20-Jan-2021 (23:25:50.860924),10.000497820092397
20-Jan-2021 (23:25:50.870900),10.000498127264626
20-Jan-2021 (23:25:52.674070),10.000498331999447
20-Jan-2021 (23:25:54.411428),10.000498009396612
20-Jan-2021 (23:25:54.420404),10.00049729394031
20-Jan-2021 (23:25:56.225525),10.000498015068795
20-Jan-2021 (23:25:56.234499),10.000497635197023
20-Jan-2021 (23:25:58.036770),10.00049758135628
20-Jan-2021 (23:25:58.047746),10.000497644136438
20-Jan-2021 (23:25:59.850418),10.000497866879943
20-Jan-2021 (23:26:01.657810),10.000498218271105
20-Jan-2021 (23:26:01.667756),10.000497910076978
20-Jan-2021 (23:26:03.471045),10.000497451443927
20-Jan-2021 (23:26:03.481020),10.000497451002976
20-Jan-2021 (23:26:05.214688),10.000497561296358
20-Jan-2021 (23:26:07.020692),10.000497809582598
20-Jan-2021 (23:26:07.029698),10.000498346516359
20-Jan-2021 (23:26:08.833336),10.000497789630886
20-Jan-2021 (23:26:08.842936),10.000497863179195
20-Jan-2021 (23:26:10.647299),10.000497758312493
20-Jan-2021 (23:26:12.454493),10.000497994314982
20-Jan-2021 (23:26:12.463468),10.000497996175502
20-Jan-2021 (23:26:14.197830),10.0004982246507
20-Jan-2021 (23:26:14.206808),10.00049827561241
20-Jan-2021 (23:26:16.009980),10.000497833531279
20-Jan-2021 (23:26:16.019959),10.000497580818614
20-Jan-2021 (23:26:17.823134),10.00049790099892
20-Jan-2021 (23:26:19.630304),10.000498200983364
20-Jan-2021 (23:26:19.639277),10.00049813508408
20-Jan-2021 (23:26:21.442461),10.000498081808729
20-Jan-2021 (23:26:21.452428),10.00049852148356
20-Jan-2021 (23:26:23.185789),10.000498103937469
20-Jan-2021 (23:26:24.993958),10.000498042789912
20-Jan-2021 (23:26:25.002932),10.000498295166452
20-Jan-2021 (23:26:26.807106),10.000497964936239
20-Jan-2021 (23:26:26.816082),10.000497643217336
20-Jan-2021 (23:26:28.619257),10.000498038532566
20-Jan-2021 (23:26:28.629233),10.000498134679647
20-Jan-2021 (23:26:30.432418),10.000498435009685
20-Jan-2021 (23:26:32.169766),10.000497878934425
20-Jan-2021 (23:26:32.179733),10.000497839997443
20-Jan-2021 (23:26:33.982914),10.00049772449177
20-Jan-2021 (23:26:33.991893),10.000498063106155
20-Jan-2021 (23:26:35.795068),10.000498003528302
20-Jan-2021 (23:26:37.602235),10.000498015801233
20-Jan-2021 (23:26:37.612208),10.000498273092491
20-Jan-2021 (23:26:39.418863),10.00049758364287
20-Jan-2021 (23:26:39.429829),10.000497468163571
20-Jan-2021 (23:26:41.159017),10.000497502920982
20-Jan-2021 (23:26:42.966137),10.00049810812651
20-Jan-2021 (23:26:42.975114),10.000498019062384
20-Jan-2021 (23:26:44.778614),10.000497904543439
20-Jan-2021 (23:26:44.789585),10.000497589917638
20-Jan-2021 (23:26:46.591480),10.00049753470332
20-Jan-2021 (23:26:46.601427),10.000497812354102
20-Jan-2021 (23:26:48.405415),10.000497992962371
20-Jan-2021 (23:26:50.142352),10.000498024373416
20-Jan-2021 (23:26:50.154320),10.000498238780091
20-Jan-2021 (23:26:51.954298),10.000498114284957
20-Jan-2021 (23:26:51.966246),10.000497967472386
20-Jan-2021 (23:26:53.769117),10.000498268488876
20-Jan-2021 (23:26:55.574545),10.000498078526613
20-Jan-2021 (23:26:55.587487),10.000498163197454
20-Jan-2021 (23:26:57.388181),10.000498029844733
20-Jan-2021 (23:26:57.397156),10.000498014357996
20-Jan-2021 (23:26:59.200736),10.000498174351774
20-Jan-2021 (23:26:59.210708),10.000497701071959
20-Jan-2021 (23:27:00.944269),10.000497916351073
20-Jan-2021 (23:27:02.751810),10.000497792045298
20-Jan-2021 (23:27:02.761870),10.00049817596544
20-Jan-2021 (23:27:04.565334),10.000497898418809
20-Jan-2021 (23:27:04.574316),10.000497501055051
20-Jan-2021 (23:27:06.377402),10.000498137551244
20-Jan-2021 (23:27:08.184416),10.00049771229932
20-Jan-2021 (23:27:08.194419),10.000497859414196
20-Jan-2021 (23:27:09.927236),10.00049812084242
20-Jan-2021 (23:27:09.937239),10.000497243103043
20-Jan-2021 (23:27:11.740711),10.000498192686438
20-Jan-2021 (23:27:11.749687),10.000497946861952
20-Jan-2021 (23:27:13.552783),10.000498158138683
20-Jan-2021 (23:27:15.359587),10.00049803785761
20-Jan-2021 (23:27:15.369563),10.000498372111847
20-Jan-2021 (23:27:17.173781),10.00049830516361
20-Jan-2021 (23:27:17.182757),10.00049803767298
20-Jan-2021 (23:27:18.917397),10.000498075418983
20-Jan-2021 (23:27:20.723266),10.000497800403767
20-Jan-2021 (23:27:20.732274),10.000497802807361
20-Jan-2021 (23:27:22.536499),10.00049806816425
20-Jan-2021 (23:27:22.546475),10.00049772145448
20-Jan-2021 (23:27:24.349575),10.00049796095009
20-Jan-2021 (23:27:26.156123),10.00049831193682
20-Jan-2021 (23:27:26.165126),10.000497569073202
20-Jan-2021 (23:27:27.901201),10.000497789077668
20-Jan-2021 (23:27:27.910185),10.000498239078345
20-Jan-2021 (23:27:29.713872),10.000498059381735
20-Jan-2021 (23:27:29.725840),10.00049804347163
20-Jan-2021 (23:27:31.526251),10.000497731598395
20-Jan-2021 (23:27:33.333269),10.000497852087772
20-Jan-2021 (23:27:33.343274),10.000497760902071
20-Jan-2021 (23:27:35.146675),10.000498045028486
20-Jan-2021 (23:27:35.155625),10.000497502220329
20-Jan-2021 (23:27:36.888188),10.000497883366261
20-Jan-2021 (23:27:38.696989),10.00049802845966
20-Jan-2021 (23:27:38.706962),10.000498281606513
20-Jan-2021 (23:27:40.509990),10.000498054058529
20-Jan-2021 (23:27:40.519963),10.000498608499157
20-Jan-2021 (23:27:42.323133),10.000498634114257
20-Jan-2021 (23:27:42.336098),10.000498495973284
20-Jan-2021 (23:27:44.135018),10.000498174389648
20-Jan-2021 (23:27:45.872370),10.000498313639758
20-Jan-2021 (23:27:45.882345),10.000497625148462
20-Jan-2021 (23:27:47.686282),10.000498217703006
20-Jan-2021 (23:27:47.697253),10.000498463610679
20-Jan-2021 (23:27:49.498115),10.000498500056825
20-Jan-2021 (23:27:51.306273),10.000498102482736
20-Jan-2021 (23:27:51.315753),10.000497927356603
20-Jan-2021 (23:27:53.118250),10.000497632437693
20-Jan-2021 (23:27:53.128223),10.00049804363056
20-Jan-2021 (23:27:54.932699),10.000498225530576
20-Jan-2021 (23:27:56.669179),10.000498223469195
20-Jan-2021 (23:27:56.678658),10.000498617211333
20-Jan-2021 (23:27:58.482304),10.000498057823524
20-Jan-2021 (23:27:58.491787),10.000498099377134
20-Jan-2021 (23:28:00.295225),10.000498200725016
20-Jan-2021 (23:28:00.305523),10.000498270076843
20-Jan-2021 (23:28:02.108185),10.000498557747102
20-Jan-2021 (23:28:03.915484),10.000497999569207
20-Jan-2021 (23:28:03.925457),10.00049811323668
20-Jan-2021 (23:28:05.658428),10.000498448371468
20-Jan-2021 (23:28:05.667404),10.000497866479568
20-Jan-2021 (23:28:07.471267),10.000498249473848
20-Jan-2021 (23:28:09.278146),10.000498145137371
20-Jan-2021 (23:28:09.288092),10.000498107431268
20-Jan-2021 (23:28:11.091164),10.00049813997986
20-Jan-2021 (23:28:11.101137),10.000497964204474
20-Jan-2021 (23:28:12.904587),10.00049791023929
20-Jan-2021 (23:28:12.913563),10.000497882947625
20-Jan-2021 (23:28:14.647135),10.000497936174963
20-Jan-2021 (23:28:16.454277),10.00049808855353
20-Jan-2021 (23:28:16.464251),10.00049836975289
20-Jan-2021 (23:28:18.267231),10.00049821156147
20-Jan-2021 (23:28:18.277207),10.000498160223062
20-Jan-2021 (23:28:20.080209),10.00049830734335
20-Jan-2021 (23:28:21.887373),10.000498016486333
20-Jan-2021 (23:28:21.898345),10.000498567864645
20-Jan-2021 (23:28:23.630918),10.000498366470776
20-Jan-2021 (23:28:23.640892),10.000498173768124
20-Jan-2021 (23:28:25.444417),10.000498022671152
20-Jan-2021 (23:28:27.251495),10.000497976653921
20-Jan-2021 (23:28:27.261463),10.000497800359131
20-Jan-2021 (23:28:29.064207),10.000498025753757
20-Jan-2021 (23:28:29.075151),10.000497860966322
20-Jan-2021 (23:28:30.876892),10.00049838756139
20-Jan-2021 (23:28:30.886866),10.000497843137534
20-Jan-2021 (23:28:32.619544),10.000498242981307
20-Jan-2021 (23:28:34.426037),10.000497775060545
20-Jan-2021 (23:28:34.435045),10.000497884626895
20-Jan-2021 (23:28:36.241049),10.000498191652364
20-Jan-2021 (23:28:36.250056),10.000497987830558
20-Jan-2021 (23:28:38.053375),10.000498031400914
20-Jan-2021 (23:28:39.860522),10.000497029957002
20-Jan-2021 (23:28:39.870467),10.000497895075828
20-Jan-2021 (23:28:41.604113),10.00049780972665
20-Jan-2021 (23:28:41.614181),10.000497669016394
20-Jan-2021 (23:28:43.415922),10.000497956838146
20-Jan-2021 (23:28:43.425894),10.000498257268278
20-Jan-2021 (23:28:45.229120),10.00049828455318
20-Jan-2021 (23:28:47.036265),10.000497842116985
20-Jan-2021 (23:28:47.045242),10.00049816731819
20-Jan-2021 (23:28:48.848112),10.00049792313645
20-Jan-2021 (23:28:48.857241),10.000497586454276
20-Jan-2021 (23:28:50.661692),10.000498018616698
20-Jan-2021 (23:28:52.399155),10.000498274776495
20-Jan-2021 (23:28:52.409123),10.000498509278936
20-Jan-2021 (23:28:54.212233),10.000498316766999
20-Jan-2021 (23:28:54.222289),10.000497827354573
20-Jan-2021 (23:28:56.025039),10.000497822295127
20-Jan-2021 (23:28:57.832389),10.000498530878131
20-Jan-2021 (23:28:57.841366),10.000498236835034
20-Jan-2021 (23:28:59.646548),10.00049812810392
20-Jan-2021 (23:28:59.655524),10.00049808651785
20-Jan-2021 (23:29:01.387891),10.00049810276949
20-Jan-2021 (23:29:01.397864),10.000498720086988
20-Jan-2021 (23:29:03.202081),10.00049815823472
20-Jan-2021 (23:29:05.009465),10.00049830460972
20-Jan-2021 (23:29:05.018441),10.000498411804264
20-Jan-2021 (23:29:06.821209),10.000498122646805
20-Jan-2021 (23:29:06.830673),10.000498104397357
20-Jan-2021 (23:29:08.634226),10.000498135170645
20-Jan-2021 (23:29:10.372520),10.000498448471562
20-Jan-2021 (23:29:10.381554),10.000497595462674
20-Jan-2021 (23:29:12.185467),10.000498022476377
20-Jan-2021 (23:29:12.194446),10.000497651043556
20-Jan-2021 (23:29:13.997633),10.000497668188595
20-Jan-2021 (23:29:14.007608),10.000497749499548
20-Jan-2021 (23:29:15.810467),10.00049760684491
20-Jan-2021 (23:29:17.617855),10.000497958225251
20-Jan-2021 (23:29:17.626803),10.000497920703102
20-Jan-2021 (23:29:19.361407),10.000497686033613
20-Jan-2021 (23:29:19.370386),10.000497770809282
20-Jan-2021 (23:29:21.173838),10.00049739409248
20-Jan-2021 (23:29:22.981370),10.000497459936984
20-Jan-2021 (23:29:22.991343),10.000497370222924
20-Jan-2021 (23:29:24.794037),10.000497722150397
20-Jan-2021 (23:29:24.803868),10.000498056177394
20-Jan-2021 (23:29:26.607181),10.000498336327807
20-Jan-2021 (23:29:26.617150),10.000497674919872
20-Jan-2021 (23:29:28.349930),10.000497946978276
20-Jan-2021 (23:29:30.156856),10.000497784791916
20-Jan-2021 (23:29:30.166828),10.00049771033668
20-Jan-2021 (23:29:31.970144),10.00049803980402
20-Jan-2021 (23:29:31.979678),10.000497720687548
20-Jan-2021 (23:29:33.784168),10.000497763979942
20-Jan-2021 (23:29:35.591204),10.000497956008994
20-Jan-2021 (23:29:35.600181),10.000497831066143
20-Jan-2021 (23:29:37.333561),10.000497845159012
20-Jan-2021 (23:29:37.343533),10.000498270116067
20-Jan-2021 (23:29:39.147106),10.000498247210249
20-Jan-2021 (23:29:40.953889),10.000497913812218
20-Jan-2021 (23:29:40.962861),10.00049825030841
20-Jan-2021 (23:29:42.766683),10.000498199651718
20-Jan-2021 (23:29:42.775661),10.000498128824866
20-Jan-2021 (23:29:44.579086),10.000498047084456
20-Jan-2021 (23:29:44.589090),10.000498610488172
20-Jan-2021 (23:29:46.392511),10.000498532668313
20-Jan-2021 (23:29:48.129087),10.000498307667975
20-Jan-2021 (23:29:48.138628),10.000498168605874
20-Jan-2021 (23:29:49.943364),10.000498356984227
20-Jan-2021 (23:29:49.952337),10.000498547190636
20-Jan-2021 (23:29:51.755927),10.000498143477715
20-Jan-2021 (23:29:53.562022),10.000498421902194
20-Jan-2021 (23:29:53.572965),10.000498317558955
20-Jan-2021 (23:29:55.376332),10.000498133960058
20-Jan-2021 (23:29:55.385309),10.000497856545982
20-Jan-2021 (23:29:57.119637),10.000497626926473
20-Jan-2021 (23:29:57.128635),10.000498516708161
20-Jan-2021 (23:29:58.932048),10.000498044737675
20-Jan-2021 (23:30:00.738899),10.000497995189447
20-Jan-2021 (23:30:00.748869),10.000497913632321
20-Jan-2021 (23:30:02.552520),10.000498293124005
20-Jan-2021 (23:30:02.562115),10.000498009809158
20-Jan-2021 (23:30:04.365902),10.000497952559156
20-Jan-2021 (23:30:06.103301),10.000498118896688
20-Jan-2021 (23:30:06.112279),10.000498349217528
20-Jan-2021 (23:30:07.915290),10.000498062166086
20-Jan-2021 (23:30:07.925264),10.000497958060233
20-Jan-2021 (23:30:09.728498),10.000497927846926
20-Jan-2021 (23:30:11.535047),10.000498278528642
20-Jan-2021 (23:30:11.544504),10.000498051224127
20-Jan-2021 (23:30:13.349053),10.000497998461416
20-Jan-2021 (23:30:13.362041),10.000498246350665
20-Jan-2021 (23:30:15.091943),10.000497862847128
20-Jan-2021 (23:30:15.100919),10.000497482589186
20-Jan-2021 (23:30:16.904811),10.00049732181698
20-Jan-2021 (23:30:18.711879),10.000497496030771
20-Jan-2021 (23:30:18.721022),10.00049805879673
20-Jan-2021 (23:30:20.524287),10.00049840823472
20-Jan-2021 (23:30:20.534269),10.000498276834493
20-Jan-2021 (23:30:22.336930),10.000498477834752
20-Jan-2021 (23:30:24.075056),10.000498308272592
20-Jan-2021 (23:30:24.084994),10.000498157747101
20-Jan-2021 (23:30:25.888438),10.000498484737811
20-Jan-2021 (23:30:25.897414),10.000498930381045
20-Jan-2021 (23:30:27.699772),10.000498032769082
20-Jan-2021 (23:30:27.710743),10.000498041591499
20-Jan-2021 (23:30:29.513291),10.000498269303822
20-Jan-2021 (23:30:31.321125),10.000498072216676
20-Jan-2021 (23:30:31.331100),10.000497712410233
20-Jan-2021 (23:30:33.064831),10.000497873575375
20-Jan-2021 (23:30:33.073813),10.000497680282304
20-Jan-2021 (23:30:34.877867),10.000498322147017
20-Jan-2021 (23:30:36.685006),10.000497853308506
20-Jan-2021 (23:30:36.693982),10.000497864773923
20-Jan-2021 (23:30:38.497773),10.000498234509896
20-Jan-2021 (23:30:38.508306),10.000498059954566
20-Jan-2021 (23:30:40.310089),10.000497779983379
20-Jan-2021 (23:30:42.117575),10.000498008652675
20-Jan-2021 (23:30:42.126813),10.000498357333878
20-Jan-2021 (23:30:43.860421),10.000498616624299
20-Jan-2021 (23:30:43.870394),10.000498150191408
20-Jan-2021 (23:30:45.672760),10.0004980508853
20-Jan-2021 (23:30:45.682240),10.000498393566989
20-Jan-2021 (23:30:47.485970),10.000498677513507
20-Jan-2021 (23:30:49.293929),10.000498593947073
20-Jan-2021 (23:30:49.302904),10.000498352371821
20-Jan-2021 (23:30:51.105938),10.000498643439167
20-Jan-2021 (23:30:51.115912),10.000498308743978
20-Jan-2021 (23:30:52.849924),10.00049827427738
20-Jan-2021 (23:30:54.657294),10.00049827645441
20-Jan-2021 (23:30:54.667239),10.000498337181304
20-Jan-2021 (23:30:56.470077),10.000498666817045
20-Jan-2021 (23:30:56.479053),10.000498539043852
20-Jan-2021 (23:30:58.282901),10.000498591281072
20-Jan-2021 (23:30:58.291877),10.000498542570114
20-Jan-2021 (23:31:00.094946),10.000498309480477
20-Jan-2021 (23:31:01.833088),10.000498396845044
20-Jan-2021 (23:31:01.843062),10.00049817679662
20-Jan-2021 (23:31:03.646752),10.00049799571629
20-Jan-2021 (23:31:03.655728),10.000498317710447
20-Jan-2021 (23:31:05.458249),10.000498465693026
20-Jan-2021 (23:31:07.265415),10.00049841010403
20-Jan-2021 (23:31:07.275389),10.000498002662631
20-Jan-2021 (23:31:09.078594),10.000498140291638
20-Jan-2021 (23:31:09.087569),10.000498227136802
20-Jan-2021 (23:31:10.822934),10.000498043561578
20-Jan-2021 (23:31:12.630079),10.000498541355466
20-Jan-2021 (23:31:12.639071),10.000498336421812
20-Jan-2021 (23:31:14.442252),10.000498842543738
20-Jan-2021 (23:31:14.452221),10.000499042626924
20-Jan-2021 (23:31:16.255515),10.000498219559466
20-Jan-2021 (23:31:16.265510),10.00049841604538
20-Jan-2021 (23:31:18.068223),10.000498560758695
20-Jan-2021 (23:31:19.806185),10.000498532138765
20-Jan-2021 (23:31:19.816157),10.000497911143514
20-Jan-2021 (23:31:21.617875),10.000498040633849
20-Jan-2021 (23:31:21.627848),10.000498410434744
20-Jan-2021 (23:31:23.431296),10.00049874603077
20-Jan-2021 (23:31:25.238346),10.000498630749632
20-Jan-2021 (23:31:25.248318),10.000498549023426
20-Jan-2021 (23:31:27.050636),10.000498407901302
20-Jan-2021 (23:31:27.060609),10.000498162868094
20-Jan-2021 (23:31:28.794148),10.000498260961585
20-Jan-2021 (23:31:28.804122),10.000498603047449
20-Jan-2021 (23:31:30.607381),10.000498306774574
20-Jan-2021 (23:31:32.414608),10.000498781346812
20-Jan-2021 (23:31:32.423584),10.000498136705861
20-Jan-2021 (23:31:34.228150),10.000498161919236
20-Jan-2021 (23:31:34.237128),10.000497855256942
20-Jan-2021 (23:31:36.040306),10.000497854537352
20-Jan-2021 (23:31:37.847470),10.000497890766406
20-Jan-2021 (23:31:37.857440),10.000498264557507
20-Jan-2021 (23:31:39.590811),10.000497918904129
20-Jan-2021 (23:31:39.599784),10.000498137921861
20-Jan-2021 (23:31:41.404133),10.000498161797502
20-Jan-2021 (23:31:41.413187),10.000498380494665
20-Jan-2021 (23:31:43.216369),10.000498533387903
20-Jan-2021 (23:31:45.023528),10.000498646619837
20-Jan-2021 (23:31:45.032504),10.000497941889071
20-Jan-2021 (23:31:46.836679),10.000498344080304
20-Jan-2021 (23:31:46.845655),10.000497954669234
20-Jan-2021 (23:31:48.581016),10.000498296034154
20-Jan-2021 (23:31:50.388180),10.000497882790048
20-Jan-2021 (23:31:50.397157),10.000498147483476
20-Jan-2021 (23:31:52.200337),10.000498095537743
20-Jan-2021 (23:31:52.210280),10.000498388497398
20-Jan-2021 (23:31:54.013484),10.000498723373159
20-Jan-2021 (23:31:55.820654),10.000498112190435
20-Jan-2021 (23:31:55.829627),10.000498465962194
20-Jan-2021 (23:31:57.564164),10.000498065375838
20-Jan-2021 (23:31:57.573141),10.000498086239887
20-Jan-2021 (23:31:59.376321),10.00049876036914
20-Jan-2021 (23:31:59.386291),10.000498359611003
20-Jan-2021 (23:32:01.188479),10.000498587624962
20-Jan-2021 (23:32:02.996643),10.000498491379137
20-Jan-2021 (23:32:03.005612),10.000498355737795
20-Jan-2021 (23:32:04.809786),10.0004985444915
20-Jan-2021 (23:32:04.818764),10.000498420513734
20-Jan-2021 (23:32:06.552127),10.00049849394978
20-Jan-2021 (23:32:08.358447),10.000497740299753
20-Jan-2021 (23:32:08.368424),10.000498179344943
20-Jan-2021 (23:32:10.172598),10.0004978288039
20-Jan-2021 (23:32:10.182574),10.000498024553314
20-Jan-2021 (23:32:11.985709),10.00049816064034
20-Jan-2021 (23:32:11.995567),10.000498166263828
20-Jan-2021 (23:32:13.797874),10.000498326627545
20-Jan-2021 (23:32:15.534847),10.00049862597153
20-Jan-2021 (23:32:15.544818),10.000497784529507
20-Jan-2021 (23:32:17.347776),10.00049823298009
20-Jan-2021 (23:32:17.359746),10.000497938370927
20-Jan-2021 (23:32:19.161829),10.000498025904575
20-Jan-2021 (23:32:20.968839),10.000497952003233
20-Jan-2021 (23:32:20.977843),10.000497963407787
20-Jan-2021 (23:32:22.781706),10.000498177457374
20-Jan-2021 (23:32:22.791704),10.000498419447199
20-Jan-2021 (23:32:24.524895),10.000498416619564
20-Jan-2021 (23:32:26.331207),10.000497898852997
20-Jan-2021 (23:32:26.341154),10.000497802566597
20-Jan-2021 (23:32:28.145707),10.000498042081142
20-Jan-2021 (23:32:28.154712),10.000497770960097
20-Jan-2021 (23:32:29.957713),10.00049798742951
20-Jan-2021 (23:32:29.967756),10.00049832601887
20-Jan-2021 (23:32:31.771320),10.000498523139159
20-Jan-2021 (23:32:33.578666),10.000498502994699
20-Jan-2021 (23:32:33.588691),10.000498267080808
20-Jan-2021 (23:32:35.321420),10.000498267724648
20-Jan-2021 (23:32:35.331391),10.000497980510895
20-Jan-2021 (23:32:37.133995),10.000498036577362
20-Jan-2021 (23:32:38.941489),10.00049835124577
20-Jan-2021 (23:32:38.951770),10.000497729134613
20-Jan-2021 (23:32:40.754104),10.000497873235869
20-Jan-2021 (23:32:40.763081),10.000498199266222
20-Jan-2021 (23:32:42.567732),10.000497791442033
20-Jan-2021 (23:32:42.576789),10.000498442032452
20-Jan-2021 (23:32:44.309283),10.000498515144539
20-Jan-2021 (23:32:46.117554),10.00049802524788
20-Jan-2021 (23:32:46.127443),10.00049808427116
20-Jan-2021 (23:32:47.929801),10.000498415502308
20-Jan-2021 (23:32:47.939496),10.00049806811082
20-Jan-2021 (23:32:49.743241),10.000498107951348
20-Jan-2021 (23:32:51.551133),10.000498494948683
20-Jan-2021 (23:32:51.561107),10.000498507540827
20-Jan-2021 (23:32:53.294276),10.000498243205842
20-Jan-2021 (23:32:53.304362),10.000498342498423
20-Jan-2021 (23:32:55.106776),10.000498500369277
20-Jan-2021 (23:32:56.914543),10.000498328680132
20-Jan-2021 (23:32:56.924519),10.000498203646655
20-Jan-2021 (23:32:58.726921),10.00049848951659
20-Jan-2021 (23:32:58.735896),10.000498688529182
20-Jan-2021 (23:33:00.539736),10.000498562082225
20-Jan-2021 (23:33:00.549215),10.00049836430051
20-Jan-2021 (23:33:02.283225),10.000498096572493
20-Jan-2021 (23:33:04.090769),10.000498119054944
20-Jan-2021 (23:33:04.099776),10.000498339257565
20-Jan-2021 (23:33:05.903830),10.000498238209966
20-Jan-2021 (23:33:05.913357),10.000498492280652
20-Jan-2021 (23:33:07.716342),10.000498516136007
20-Jan-2021 (23:33:09.523453),10.000498759767906
20-Jan-2021 (23:33:09.533404),10.000498495036602
20-Jan-2021 (23:33:11.266999),10.000498526900774
20-Jan-2021 (23:33:11.275975),10.000498260891927
20-Jan-2021 (23:33:13.079098),10.000498389404324
20-Jan-2021 (23:33:13.088074),10.00049813377137
20-Jan-2021 (23:33:14.891846),10.000498237292897
20-Jan-2021 (23:33:16.700011),10.00049858353128
20-Jan-2021 (23:33:16.709016),10.000497866054848
20-Jan-2021 (23:33:18.511356),10.00049838094779
20-Jan-2021 (23:33:18.522324),10.000497928943217
20-Jan-2021 (23:33:20.255964),10.00049834057839
20-Jan-2021 (23:33:22.062952),10.000498236728179
20-Jan-2021 (23:33:22.072924),10.00049818503809
20-Jan-2021 (23:33:23.875202),10.000498156314684
20-Jan-2021 (23:33:23.885176),10.000498207170889
20-Jan-2021 (23:33:25.688739),10.000498120684165
20-Jan-2021 (23:33:27.496157),10.000497892302974
20-Jan-2021 (23:33:27.506157),10.000497579725028
20-Jan-2021 (23:33:29.308070),10.000497848598707
20-Jan-2021 (23:33:29.317045),10.000498112982388
20-Jan-2021 (23:33:31.050752),10.000498008496448
20-Jan-2021 (23:33:31.059760),10.00049806204097
20-Jan-2021 (23:33:32.866706),10.000498066384209
20-Jan-2021 (23:33:34.672700),10.000498055115592
20-Jan-2021 (23:33:34.682702),10.000498033178923
20-Jan-2021 (23:33:36.484910),10.000498020947925
20-Jan-2021 (23:33:36.494883),10.000497958545143
20-Jan-2021 (23:33:38.298084),10.000498039775614
20-Jan-2021 (23:33:40.035852),10.000498462222897
20-Jan-2021 (23:33:40.045827),10.000498474672343
20-Jan-2021 (23:33:41.847734),10.00049810783367
20-Jan-2021 (23:33:41.856710),10.000498236334568
20-Jan-2021 (23:33:43.661017),10.000498669629128
20-Jan-2021 (23:33:43.669993),10.000498687756167
20-Jan-2021 (23:33:45.473860),10.000498886642964
20-Jan-2021 (23:33:47.280807),10.000498151857826
20-Jan-2021 (23:33:47.290781),10.000498162410233
20-Jan-2021 (23:33:49.024675),10.000497893441871
20-Jan-2021 (23:33:49.033651),10.000497803565501
20-Jan-2021 (23:33:50.837626),10.000498471145407
20-Jan-2021 (23:33:52.643813),10.000498017030758
20-Jan-2021 (23:33:52.653762),10.000498005984648
20-Jan-2021 (23:33:54.458106),10.00049751430592
20-Jan-2021 (23:33:54.467082),10.000497729469386
20-Jan-2021 (23:33:56.271087),10.000497777974745
20-Jan-2021 (23:33:56.280062),10.000497854985742
20-Jan-2021 (23:33:58.014271),10.000498077917259
20-Jan-2021 (23:33:59.820370),10.000498077992331
20-Jan-2021 (23:33:59.830343),10.000498174333513
20-Jan-2021 (23:34:01.633801),10.00049846519391
20-Jan-2021 (23:34:01.643280),10.00049802436733
20-Jan-2021 (23:34:03.445881),10.000498273703197
20-Jan-2021 (23:34:05.254570),10.000497825800423
20-Jan-2021 (23:34:05.263574),10.000497640987556
20-Jan-2021 (23:34:06.996717),10.000498501462188
20-Jan-2021 (23:34:07.006695),10.000497816406526
20-Jan-2021 (23:34:08.809091),10.00049832752365
20-Jan-2021 (23:34:10.617680),10.000497866820428
20-Jan-2021 (23:34:10.627655),10.00049798883149
20-Jan-2021 (23:34:12.430750),10.000498690524287
20-Jan-2021 (23:34:12.439724),10.000498442690494
20-Jan-2021 (23:34:14.242670),10.000498302535485
20-Jan-2021 (23:34:14.252585),10.000498311936141
20-Jan-2021 (23:34:15.986086),10.000498560434744
20-Jan-2021 (23:34:17.793749),10.000498380206558
20-Jan-2021 (23:34:17.802717),10.000498868089176
20-Jan-2021 (23:34:19.607131),10.000498681712017
20-Jan-2021 (23:34:19.617096),10.000498525797717
20-Jan-2021 (23:34:21.417816),10.000498418863549
20-Jan-2021 (23:34:23.225855),10.000498369144891
20-Jan-2021 (23:34:23.235828),10.000498195079885
20-Jan-2021 (23:34:25.038842),10.000498242549824
20-Jan-2021 (23:34:25.047815),10.000498244030934
20-Jan-2021 (23:34:26.781532),10.000498077767796
20-Jan-2021 (23:34:26.790490),10.000498147628207
20-Jan-2021 (23:34:28.594749),10.000497860488847
20-Jan-2021 (23:34:30.402688),10.000498337637136
20-Jan-2021 (23:34:30.412719),10.000498566089341
20-Jan-2021 (23:34:32.215269),10.000498327599399
20-Jan-2021 (23:34:32.225272),10.000497987868432
20-Jan-2021 (23:34:34.028051),10.000498052132409
20-Jan-2021 (23:34:35.766365),10.000498067544076
20-Jan-2021 (23:34:35.775337),10.000497770607065
20-Jan-2021 (23:34:37.577791),10.000498017822036
20-Jan-2021 (23:34:37.587760),10.000498755271144
20-Jan-2021 (23:34:39.392037),10.00049820579055
20-Jan-2021 (23:34:41.198866),10.000498133519784
20-Jan-2021 (23:34:41.208348),10.000498408867067
20-Jan-2021 (23:34:43.011446),10.00049849973152
20-Jan-2021 (23:34:43.021453),10.000498313083158
20-Jan-2021 (23:34:44.755105),10.000498109632645
20-Jan-2021 (23:34:44.765079),10.000498554765944
20-Jan-2021 (23:34:46.568651),10.000497908895468
20-Jan-2021 (23:34:48.375020),10.000498513549134
20-Jan-2021 (23:34:48.385014),10.000498581289325
20-Jan-2021 (23:34:50.188604),10.000498468992722
20-Jan-2021 (23:34:50.197612),10.000497810070215
20-Jan-2021 (23:34:51.999680),10.000498315394774
20-Jan-2021 (23:34:53.738791),10.000498080281629
20-Jan-2021 (23:34:53.748827),10.000497020089014
20-Jan-2021 (23:34:55.552130),10.000497613150113
20-Jan-2021 (23:34:55.561106),10.00049770102056
20-Jan-2021 (23:34:57.364835),10.000497632940865
20-Jan-2021 (23:34:57.374808),10.000498063959652
20-Jan-2021 (23:34:59.176924),10.000497560015434
20-Jan-2021 (23:35:00.983935),10.000497832020411
20-Jan-2021 (23:35:00.992911),10.000497498423545
20-Jan-2021 (23:35:02.727339),10.000497866317254
20-Jan-2021 (23:35:02.736315),10.000498289411764
20-Jan-2021 (23:35:04.539826),10.000498163334067
20-Jan-2021 (23:35:06.347855),10.000498799083617
20-Jan-2021 (23:35:06.356831),10.0004983199639
20-Jan-2021 (23:35:08.160571),10.000498131578784
20-Jan-2021 (23:35:08.171100),10.000497791905303
20-Jan-2021 (23:35:09.973779),10.000497780128107
20-Jan-2021 (23:35:11.711620),10.000497940431632
20-Jan-2021 (23:35:11.725234),10.000497816649998
20-Jan-2021 (23:35:13.523877),10.000497584173093
20-Jan-2021 (23:35:13.533851),10.000498146624569
20-Jan-2021 (23:35:15.336653),10.000498139938607
20-Jan-2021 (23:35:15.346626),10.00049833347109
20-Jan-2021 (23:35:17.148761),10.000497869479664
20-Jan-2021 (23:35:18.955885),10.000498011224668
20-Jan-2021 (23:35:18.964861),10.000498278350097
20-Jan-2021 (23:35:20.769195),10.00049794088205
20-Jan-2021 (23:35:20.779162),10.000498068475347
20-Jan-2021 (23:35:22.512682),10.000498051027323
20-Jan-2021 (23:35:24.320090),10.000498168412452
20-Jan-2021 (23:35:24.330176),10.000498025954618
20-Jan-2021 (23:35:26.133752),10.00049795212632
20-Jan-2021 (23:35:26.142728),10.000498411231431
20-Jan-2021 (23:35:27.945847),10.000497869031275
20-Jan-2021 (23:35:27.955818),10.000497655937307
20-Jan-2021 (23:35:29.758694),10.000497935763766
20-Jan-2021 (23:35:31.495627),10.000498015255454
20-Jan-2021 (23:35:31.505505),10.000498101235626
20-Jan-2021 (23:35:33.309733),10.000498171667514
20-Jan-2021 (23:35:33.320212),10.000497942780445
20-Jan-2021 (23:35:35.121827),10.00049823510775
20-Jan-2021 (23:35:36.929670),10.000498044730236
20-Jan-2021 (23:35:36.938648),10.000498010624785
20-Jan-2021 (23:35:38.741678),10.000497955309017
20-Jan-2021 (23:35:38.751683),10.000498102301485
20-Jan-2021 (23:35:40.485315),10.000498012443373
20-Jan-2021 (23:35:42.292720),10.000498194172282
20-Jan-2021 (23:35:42.301657),10.000498428142471
20-Jan-2021 (23:35:44.105600),10.000498456018464
20-Jan-2021 (23:35:44.115573),10.000498142430793
20-Jan-2021 (23:35:45.917488),10.000497756140875
20-Jan-2021 (23:35:45.927113),10.000498389200757
20-Jan-2021 (23:35:47.731058),10.000498514516927
20-Jan-2021 (23:35:49.468689),10.00049863352925
20-Jan-2021 (23:35:49.477665),10.000498343704955
20-Jan-2021 (23:35:51.282015),10.00049866323668
20-Jan-2021 (23:35:51.290992),10.000498386192543
20-Jan-2021 (23:35:53.094143),10.000497950326668
20-Jan-2021 (23:35:54.901754),10.00049836748659
20-Jan-2021 (23:35:54.911720),10.000498106482409
20-Jan-2021 (23:35:56.714749),10.000498105601858
20-Jan-2021 (23:35:56.724228),10.000498678785638
20-Jan-2021 (23:35:58.457729),10.000498262721333
20-Jan-2021 (23:35:58.467209),10.000498168673507
20-Jan-2021 (23:36:00.270800),10.000498309201838
20-Jan-2021 (23:36:02.077800),10.000497956349177
20-Jan-2021 (23:36:02.087279),10.000498465016042
20-Jan-2021 (23:36:03.890949),10.000498345510016
20-Jan-2021 (23:36:03.900922),10.000498199150574
20-Jan-2021 (23:36:05.703511),10.000498380912623
20-Jan-2021 (23:36:07.439881),10.000498540815775
20-Jan-2021 (23:36:07.449827),10.000498165333905
20-Jan-2021 (23:36:09.254669),10.000497977704901
20-Jan-2021 (23:36:09.264641),10.000497977635918
20-Jan-2021 (23:36:11.068053),10.000498453507337
20-Jan-2021 (23:36:11.077017),10.000497786502969
20-Jan-2021 (23:36:12.878952),10.000498186274378
20-Jan-2021 (23:36:14.687084),10.00049822507407
20-Jan-2021 (23:36:14.697087),10.00049815380694
20-Jan-2021 (23:36:16.500038),10.000498520129595
20-Jan-2021 (23:36:16.510011),10.000498660693768
20-Jan-2021 (23:36:18.242733),10.00049810093467
20-Jan-2021 (23:36:20.050731),10.000498000576902
20-Jan-2021 (23:36:20.059734),10.000498458953633
20-Jan-2021 (23:36:21.862625),10.000498813133206
20-Jan-2021 (23:36:21.872590),10.000498475510962
20-Jan-2021 (23:36:23.676550),10.000498519896945
20-Jan-2021 (23:36:25.482819),10.000498441637488
20-Jan-2021 (23:36:25.491804),10.000498638005045
20-Jan-2021 (23:36:27.225962),10.000498724247624
20-Jan-2021 (23:36:27.234939),10.000498843287675
20-Jan-2021 (23:36:29.039665),10.000498488195765
20-Jan-2021 (23:36:29.049641),10.00049781368913
20-Jan-2021 (23:36:30.852868),10.000498427607512
20-Jan-2021 (23:36:32.658914),10.000498129438272
20-Jan-2021 (23:36:32.668858),10.000498492910294
20-Jan-2021 (23:36:34.473141),10.000498184046624
20-Jan-2021 (23:36:34.483074),10.00049824388012
20-Jan-2021 (23:36:36.215639),10.000498388115284
20-Jan-2021 (23:36:38.022553),10.000498067845031
20-Jan-2021 (23:36:38.032526),10.000498012530615
20-Jan-2021 (23:36:39.836523),10.000497941624637
20-Jan-2021 (23:36:39.845499),10.000497872542654
20-Jan-2021 (23:36:41.649429),10.000497973853337
20-Jan-2021 (23:36:41.658402),10.000498317031436
20-Jan-2021 (23:36:43.460406),10.000498370060612
20-Jan-2021 (23:36:45.198926),10.000498079892752
20-Jan-2021 (23:36:45.209402),10.0004980828942
20-Jan-2021 (23:36:47.012359),10.000498127282208
20-Jan-2021 (23:36:47.022348),10.000498004608366
20-Jan-2021 (23:36:48.824684),10.000498275888344
20-Jan-2021 (23:36:50.632549),10.00049814502578
20-Jan-2021 (23:36:50.642545),10.000498808279355
20-Jan-2021 (23:36:52.444819),10.000498642385482
20-Jan-2021 (23:36:52.454791),10.000498180287037
20-Jan-2021 (23:36:54.188030),10.000498952897312
20-Jan-2021 (23:36:55.995131),10.00049850986597
20-Jan-2021 (23:36:56.005082),10.000498699364963
20-Jan-2021 (23:36:57.809067),10.000498684506512
20-Jan-2021 (23:36:57.818044),10.000498540201686
20-Jan-2021 (23:36:59.621619),10.000497893037439
20-Jan-2021 (23:36:59.631593),10.000498094633523
20-Jan-2021 (23:37:01.434128),10.000497854540058
20-Jan-2021 (23:37:03.171721),10.000497848674453
20-Jan-2021 (23:37:03.181725),10.00049806241835
20-Jan-2021 (23:37:04.984669),10.000498030705673
20-Jan-2021 (23:37:04.994687),10.000497968024929
20-Jan-2021 (23:37:06.796303),10.000498368512547
20-Jan-2021 (23:37:08.604813),10.000497767289106
20-Jan-2021 (23:37:08.614812),10.000497618567328
20-Jan-2021 (23:37:10.417341),10.0004981414116
20-Jan-2021 (23:37:10.427344),10.000497766679755
20-Jan-2021 (23:37:12.229921),10.000498035328224
20-Jan-2021 (23:37:12.239894),10.00049820683071
20-Jan-2021 (23:37:13.974046),10.000497722095616
20-Jan-2021 (23:37:15.781192),10.000497622634633
20-Jan-2021 (23:37:15.791165),10.000498404939078
20-Jan-2021 (23:37:17.594659),10.00049838146787
20-Jan-2021 (23:37:17.603635),10.000498172113875
20-Jan-2021 (23:37:19.406974),10.000498332783286
20-Jan-2021 (23:37:21.214692),10.000498389279205
20-Jan-2021 (23:37:21.223667),10.000497962380475
20-Jan-2021 (23:37:22.956829),10.000497816499857
20-Jan-2021 (23:37:22.966802),10.000497875960708
20-Jan-2021 (23:37:24.769632),10.000498319831344
20-Jan-2021 (23:37:26.576539),10.000498134342847
20-Jan-2021 (23:37:26.586514),10.000498553221261
20-Jan-2021 (23:37:28.390535),10.00049829611869
20-Jan-2021 (23:37:28.399541),10.000498247923076
20-Jan-2021 (23:37:30.203549),10.00049853267237
20-Jan-2021 (23:37:30.213028),10.000498280615723
20-Jan-2021 (23:37:31.946361),10.000498502987933
20-Jan-2021 (23:37:33.753906),10.000498469539178
20-Jan-2021 (23:37:33.763879),10.000498314171335
20-Jan-2021 (23:37:35.566221),10.000498416531643
20-Jan-2021 (23:37:35.576301),10.000498395004815
20-Jan-2021 (23:37:37.380277),10.000498362869447
20-Jan-2021 (23:37:39.186709),10.000497877320083
20-Jan-2021 (23:37:39.195685),10.000498797440192
20-Jan-2021 (23:37:40.929932),10.000498369715695
20-Jan-2021 (23:37:40.940023),10.000498386178341
20-Jan-2021 (23:37:42.743006),10.000497923068822
20-Jan-2021 (23:37:42.751982),10.000498589931167
20-Jan-2021 (23:37:44.556038),10.00049825362096
20-Jan-2021 (23:37:46.362131),10.000498578354154
20-Jan-2021 (23:37:46.372114),10.000499125995875
20-Jan-2021 (23:37:48.174613),10.000498397346863
20-Jan-2021 (23:37:48.183632),10.000498391571885
20-Jan-2021 (23:37:49.917769),10.000498764642721
20-Jan-2021 (23:37:51.726767),10.000498393382358
20-Jan-2021 (23:37:51.735743),10.000498640892873
20-Jan-2021 (23:37:53.538670),10.000498689775615
20-Jan-2021 (23:37:53.548862),10.000499057220937
20-Jan-2021 (23:37:55.352152),10.00049905631536
20-Jan-2021 (23:37:57.159703),10.000498995718317
20-Jan-2021 (23:37:57.169680),10.00049871474687
20-Jan-2021 (23:37:58.901698),10.000498695277367
20-Jan-2021 (23:37:58.913696),10.000498510069537
20-Jan-2021 (23:38:00.714739),10.000498546450082
20-Jan-2021 (23:38:00.723744),10.000498377912526
20-Jan-2021 (23:38:02.528333),10.000498158578282
20-Jan-2021 (23:38:04.336057),10.000498728725447
20-Jan-2021 (23:38:04.345033),10.000498784691144
20-Jan-2021 (23:38:06.149015),10.000498467833532
20-Jan-2021 (23:38:06.158988),10.000498637822442
20-Jan-2021 (23:38:07.961049),10.000498215650415
20-Jan-2021 (23:38:09.698878),10.000498023333256
20-Jan-2021 (23:38:09.708852),10.000498668872341
20-Jan-2021 (23:38:11.512208),10.000498661719726
20-Jan-2021 (23:38:11.521206),10.000498550476808
20-Jan-2021 (23:38:13.323634),10.000498606846264
20-Jan-2021 (23:38:13.334661),10.000498967612382
20-Jan-2021 (23:38:15.136598),10.000499158491039
20-Jan-2021 (23:38:16.944169),10.000498437540422
20-Jan-2021 (23:38:16.954143),10.000498874739298
20-Jan-2021 (23:38:18.687800),10.000499017493354
20-Jan-2021 (23:38:18.696776),10.00049898152671
20-Jan-2021 (23:38:20.500712),10.000498979773045
20-Jan-2021 (23:38:22.307714),10.000498502846586
20-Jan-2021 (23:38:22.317806),10.000498427328873
20-Jan-2021 (23:38:24.119954),10.000498802965618
20-Jan-2021 (23:38:24.129927),10.000498674039997
20-Jan-2021 (23:38:25.933689),10.000498588846371
20-Jan-2021 (23:38:25.943169),10.000498396229608
20-Jan-2021 (23:38:27.675747),10.000498453957759
20-Jan-2021 (23:38:29.482935),10.000498579886667
20-Jan-2021 (23:38:29.492900),10.000498629979319
20-Jan-2021 (23:38:31.296754),10.000498273060705
20-Jan-2021 (23:38:31.306695),10.000498629454505
20-Jan-2021 (23:38:33.109303),10.00049849509544
20-Jan-2021 (23:38:34.917890),10.000498973717399
20-Jan-2021 (23:38:34.926896),10.000498760978495
20-Jan-2021 (23:38:36.659846),10.000498600243484
20-Jan-2021 (23:38:36.669819),10.000498441550244
20-Jan-2021 (23:38:38.473142),10.000498691000406
20-Jan-2021 (23:38:40.280913),10.000498324723742
20-Jan-2021 (23:38:40.289890),10.000498510315715
20-Jan-2021 (23:38:42.093645),10.000498667828122
20-Jan-2021 (23:38:42.102126),10.00049813784476
20-Jan-2021 (23:38:43.905772),10.000498226850048
20-Jan-2021 (23:38:43.915746),10.000497926990047
20-Jan-2021 (23:38:45.650013),10.000498454485275
20-Jan-2021 (23:38:47.456732),10.000498064454709
20-Jan-2021 (23:38:47.467209),10.000498584992101
20-Jan-2021 (23:38:49.269770),10.000498535964631
20-Jan-2021 (23:38:49.279248),10.00049902693594
20-Jan-2021 (23:38:51.081933),10.00049818335206
20-Jan-2021 (23:38:52.889689),10.00049843519905
20-Jan-2021 (23:38:52.899695),10.000498272274836
20-Jan-2021 (23:38:54.631744),10.000498507993953
20-Jan-2021 (23:38:54.641718),10.00049866021224
20-Jan-2021 (23:38:56.445734),10.000498287309803
20-Jan-2021 (23:38:56.454710),10.000498338771978
20-Jan-2021 (23:38:58.258907),10.000497972987663
20-Jan-2021 (23:39:00.065180),10.000498293794227
20-Jan-2021 (23:39:00.075153),10.000498178492798
20-Jan-2021 (23:39:01.879030),10.00049828566435
20-Jan-2021 (23:39:01.888006),10.000498193321487
20-Jan-2021 (23:39:03.692071),10.000498881156767
20-Jan-2021 (23:39:05.428745),10.00049817716453
20-Jan-2021 (23:39:05.438691),10.000498095332148
20-Jan-2021 (23:39:07.241012),10.00049817542913
20-Jan-2021 (23:39:07.250985),10.000498073456345
20-Jan-2021 (23:39:09.055306),10.000498692821697
20-Jan-2021 (23:39:10.861702),10.000498423235191
20-Jan-2021 (23:39:10.871648),10.000498550112281
20-Jan-2021 (23:39:12.675678),10.000498657425856
20-Jan-2021 (23:39:12.685652),10.000498989298144
20-Jan-2021 (23:39:14.417665),10.000498563851442
20-Jan-2021 (23:39:14.427639),10.000498569080642
20-Jan-2021 (23:39:16.231380),10.00049826550501
20-Jan-2021 (23:39:18.038693),10.000498288798353
20-Jan-2021 (23:39:18.048694),10.000498205315106
20-Jan-2021 (23:39:19.850471),10.000498374289554
20-Jan-2021 (23:39:19.860339),10.000498329432862
20-Jan-2021 (23:39:21.663760),10.000498151450014
20-Jan-2021 (23:39:23.401516),10.00049805142905
20-Jan-2021 (23:39:23.411513),10.000498182106979
20-Jan-2021 (23:39:25.214337),10.000498206499318
20-Jan-2021 (23:39:25.224431),10.000498344404257
20-Jan-2021 (23:39:27.027731),10.000498232839417
20-Jan-2021 (23:39:27.037210),10.000498054589428
20-Jan-2021 (23:39:28.840696),10.000498234536947
20-Jan-2021 (23:39:30.647775),10.0004983418911
20-Jan-2021 (23:39:30.658054),10.000498233369644
20-Jan-2021 (23:39:32.391019),10.000498293096278
20-Jan-2021 (23:39:32.399995),10.000498153965198
20-Jan-2021 (23:39:34.202890),10.000497895752133
