time,counts
20-Jan-2021 (22:32:19.242866),2147448086.3928
20-Jan-2021 (22:32:21.048928),2147448098.7843
20-Jan-2021 (22:32:21.060891),2147448092.2683
20-Jan-2021 (22:32:22.861947),2147448086.79
20-Jan-2021 (22:32:22.872886),2147448110.6349
20-Jan-2021 (22:32:24.673862),2147448073.0879
20-Jan-2021 (22:32:26.481789),2147448089.5582
20-Jan-2021 (22:32:26.491817),2147448096.251
20-Jan-2021 (22:32:28.223809),2147448114.7149
20-Jan-2021 (22:32:28.234772),2147448068.2843
20-Jan-2021 (22:32:30.037167),2147448096.5555
20-Jan-2021 (22:32:31.845346),2147448077.1221
20-Jan-2021 (22:32:31.856312),2147448089.1496
20-Jan-2021 (22:32:33.658850),2147448107.3041
20-Jan-2021 (22:32:33.668818),2147448081.5744
20-Jan-2021 (22:32:35.470773),2147448075.1446
20-Jan-2021 (22:32:35.481747),2147448074.3345
20-Jan-2021 (22:32:37.213548),2147448092.5607
20-Jan-2021 (22:32:39.021581),2147448115.6307
20-Jan-2021 (22:32:39.032554),2147448118.4223
20-Jan-2021 (22:32:40.833491),2147448103.1656
20-Jan-2021 (22:32:40.844484),2147448078.4853
20-Jan-2021 (22:32:42.646619),2147448092.3962
20-Jan-2021 (22:32:44.454622),2147448076.0491
20-Jan-2021 (22:32:44.465674),2147448079.216
20-Jan-2021 (22:32:46.197930),2147448131.8554
20-Jan-2021 (22:32:46.207936),2147448088.6135
20-Jan-2021 (22:32:48.009633),2147448106.6892
20-Jan-2021 (22:32:48.020614),2147448085.9305
20-Jan-2021 (22:32:49.823568),2147448099.0086
20-Jan-2021 (22:32:51.629604),2147448089.0499
20-Jan-2021 (22:32:51.640435),2147448072.0153
20-Jan-2021 (22:32:53.443232),2147448099.6754
20-Jan-2021 (22:32:53.453260),2147448077.7412
20-Jan-2021 (22:32:55.186309),2147448069.5223
20-Jan-2021 (22:32:56.993590),2147448064.3076
20-Jan-2021 (22:32:57.003479),2147448083.0526
20-Jan-2021 (22:32:58.806607),2147448094.9228
20-Jan-2021 (22:32:58.816632),2147448087.5818
20-Jan-2021 (22:33:00.620098),2147448103.1501
20-Jan-2021 (22:33:02.426895),2147448092.3926
20-Jan-2021 (22:33:02.436868),2147448061.5545
20-Jan-2021 (22:33:04.171230),2147448123.7615
20-Jan-2021 (22:33:04.182200),2147448104.1438
20-Jan-2021 (22:33:05.981820),2147448097.0299
20-Jan-2021 (22:33:05.992791),2147448093.5626
20-Jan-2021 (22:33:07.796588),2147448065.4423
20-Jan-2021 (22:33:09.603820),2147448081.9219
20-Jan-2021 (22:33:09.613793),2147448090.9304
20-Jan-2021 (22:33:11.416042),2147448071.8526
20-Jan-2021 (22:33:11.426016),2147448091.9298
20-Jan-2021 (22:33:13.158977),2147448090.6949
20-Jan-2021 (22:33:14.966065),2147448094.997
20-Jan-2021 (22:33:14.978033),2147448080.5649
20-Jan-2021 (22:33:16.779815),2147448098.2295
20-Jan-2021 (22:33:16.790785),2147448082.7034
20-Jan-2021 (22:33:18.591458),2147448079.9617
20-Jan-2021 (22:33:18.602455),2147448085.2913
20-Jan-2021 (22:33:20.405059),2147448074.4075
20-Jan-2021 (22:33:22.211373),2147448099.4736
20-Jan-2021 (22:33:22.225338),2147448072.3749
20-Jan-2021 (22:33:23.955591),2147448043.5234
20-Jan-2021 (22:33:23.965649),2147448085.6743
20-Jan-2021 (22:33:25.768808),2147448056.519
20-Jan-2021 (22:33:27.576657),2147448067.6342
20-Jan-2021 (22:33:27.586630),2147448096.3056
20-Jan-2021 (22:33:29.388812),2147448068.8684
20-Jan-2021 (22:33:29.399778),2147448100.524
20-Jan-2021 (22:33:31.201961),2147448082.9703
20-Jan-2021 (22:33:32.938955),2147448061.7162
20-Jan-2021 (22:33:32.948928),2147448061.9146
20-Jan-2021 (22:33:34.751727),2147448090.8664
20-Jan-2021 (22:33:34.761701),2147448097.7084
20-Jan-2021 (22:33:36.564962),2147448071.6969
20-Jan-2021 (22:33:36.574929),2147448078.5878
20-Jan-2021 (22:33:38.377628),2147448099.8938
20-Jan-2021 (22:33:40.185477),2147448083.815
20-Jan-2021 (22:33:40.195502),2147448068.1985
20-Jan-2021 (22:33:41.927494),2147448112.842
20-Jan-2021 (22:33:41.938489),2147448097.0238
20-Jan-2021 (22:33:43.740602),2147448058.9412
20-Jan-2021 (22:33:45.548169),2147448067.7495
20-Jan-2021 (22:33:45.558135),2147448100.4378
20-Jan-2021 (22:33:47.360905),2147448109.4855
20-Jan-2021 (22:33:47.370879),2147448088.685
20-Jan-2021 (22:33:49.173650),2147448102.7019
20-Jan-2021 (22:33:49.184599),2147448134.8044
20-Jan-2021 (22:33:50.917533),2147448083.1191
20-Jan-2021 (22:33:52.724858),2147448075.3889
20-Jan-2021 (22:33:52.734831),2147448098.7623
20-Jan-2021 (22:33:54.537500),2147448100.5922
20-Jan-2021 (22:33:54.547492),2147448094.5625
20-Jan-2021 (22:33:56.349756),2147448073.4477
20-Jan-2021 (22:33:58.157478),2147448099.4809
20-Jan-2021 (22:33:58.167472),2147448054.596
20-Jan-2021 (22:33:59.901010),2147448085.6885
20-Jan-2021 (22:33:59.911978),2147448090.2278
20-Jan-2021 (22:34:01.713462),2147448077.5414
20-Jan-2021 (22:34:03.520544),2147448089.3404
20-Jan-2021 (22:34:03.530547),2147448099.5269
20-Jan-2021 (22:34:05.333531),2147448077.3754
20-Jan-2021 (22:34:05.345074),2147448083.7955
20-Jan-2021 (22:34:07.147703),2147448112.7577
20-Jan-2021 (22:34:07.158674),2147448118.0964
20-Jan-2021 (22:34:08.889842),2147448091.9119
20-Jan-2021 (22:34:10.697839),2147448074.206
20-Jan-2021 (22:34:10.707812),2147448088.0201
20-Jan-2021 (22:34:12.510692),2147448086.3114
20-Jan-2021 (22:34:12.521563),2147448081.2564
20-Jan-2021 (22:34:14.322909),2147448134.2341
20-Jan-2021 (22:34:16.129950),2147448067.3334
20-Jan-2021 (22:34:16.141918),2147448063.4656
20-Jan-2021 (22:34:17.943177),2147448111.3464
20-Jan-2021 (22:34:17.953151),2147448071.7362
20-Jan-2021 (22:34:19.685393),2147448060.1022
20-Jan-2021 (22:34:19.696219),2147448082.1578
20-Jan-2021 (22:34:21.499301),2147448130.0691
20-Jan-2021 (22:34:23.306399),2147448114.9634
20-Jan-2021 (22:34:23.316412),2147448102.817
20-Jan-2021 (22:34:25.119401),2147448117.38
20-Jan-2021 (22:34:25.129426),2147448088.5536
20-Jan-2021 (22:34:26.931905),2147448078.9128
20-Jan-2021 (22:34:28.668532),2147448053.3475
20-Jan-2021 (22:34:28.679522),2147448096.5486
20-Jan-2021 (22:34:30.482884),2147448100.0971
20-Jan-2021 (22:34:30.492859),2147448108.1403
20-Jan-2021 (22:34:32.295191),2147448102.0436
20-Jan-2021 (22:34:34.102102),2147448102.2628
20-Jan-2021 (22:34:34.112070),2147448107.7016
20-Jan-2021 (22:34:35.915579),2147448083.1256
20-Jan-2021 (22:34:35.926637),2147448083.4063
20-Jan-2021 (22:34:37.658614),2147448100.4
20-Jan-2021 (22:34:37.669589),2147448083.105
20-Jan-2021 (22:34:39.470636),2147448082.2466
20-Jan-2021 (22:34:41.278919),2147448103.9989
20-Jan-2021 (22:34:41.289885),2147448092.0713
20-Jan-2021 (22:34:43.091370),2147448055.7706
20-Jan-2021 (22:34:43.101345),2147448096.5102
20-Jan-2021 (22:34:44.904640),2147448117.9729
20-Jan-2021 (22:34:46.642542),2147448088.236
20-Jan-2021 (22:34:46.652557),2147448071.4172
20-Jan-2021 (22:34:48.454869),2147448073.5904
20-Jan-2021 (22:34:48.465819),2147448045.4215
20-Jan-2021 (22:34:50.267531),2147448065.3649
20-Jan-2021 (22:34:50.277506),2147448117.9293
20-Jan-2021 (22:34:52.080427),2147448069.3185
20-Jan-2021 (22:34:53.887619),2147448086.1262
20-Jan-2021 (22:34:53.897593),2147448077.1323
20-Jan-2021 (22:34:55.631843),2147448078.1842
20-Jan-2021 (22:34:55.641817),2147448089.5011
20-Jan-2021 (22:34:57.443681),2147448068.2983
20-Jan-2021 (22:34:59.249971),2147448099.238
20-Jan-2021 (22:34:59.260004),2147448102.6519
20-Jan-2021 (22:35:01.064166),2147448055.4857
20-Jan-2021 (22:35:01.075138),2147448093.3116
20-Jan-2021 (22:35:02.877394),2147448081.2949
20-Jan-2021 (22:35:02.887507),2147448091.0016
20-Jan-2021 (22:35:04.620484),2147448073.7615
20-Jan-2021 (22:35:06.427401),2147448066.4793
20-Jan-2021 (22:35:06.438493),2147448067.8762
20-Jan-2021 (22:35:08.239475),2147448093.5647
20-Jan-2021 (22:35:08.249491),2147448090.5874
20-Jan-2021 (22:35:10.053528),2147448091.8012
20-Jan-2021 (22:35:11.860560),2147448052.9836
20-Jan-2021 (22:35:11.870537),2147448061.1857
20-Jan-2021 (22:35:13.672989),2147448085.779
20-Jan-2021 (22:35:13.682964),2147448086.4874
20-Jan-2021 (22:35:15.416895),2147448067.0419
20-Jan-2021 (22:35:17.224338),2147448057.6761
20-Jan-2021 (22:35:17.235338),2147448095.2832
20-Jan-2021 (22:35:19.036795),2147448088.8712
20-Jan-2021 (22:35:19.047757),2147448072.1492
20-Jan-2021 (22:35:20.850743),2147448079.5092
20-Jan-2021 (22:35:20.861741),2147448075.497
20-Jan-2021 (22:35:22.662629),2147448090.7601
20-Jan-2021 (22:35:24.399600),2147448100.0989
20-Jan-2021 (22:35:24.409599),2147448098.0795
20-Jan-2021 (22:35:26.213742),2147448052.7293
20-Jan-2021 (22:35:26.224710),2147448100.79
20-Jan-2021 (22:35:28.024607),2147448089.7034
20-Jan-2021 (22:35:29.831541),2147448062.1599
20-Jan-2021 (22:35:29.841552),2147448073.3451
20-Jan-2021 (22:35:31.646482),2147448060.8385
20-Jan-2021 (22:35:31.656551),2147448085.9094
20-Jan-2021 (22:35:33.388493),2147448070.8848
20-Jan-2021 (22:35:33.399446),2147448080.3122
20-Jan-2021 (22:35:35.201440),2147448116.8842
20-Jan-2021 (22:35:37.008405),2147448095.7818
20-Jan-2021 (22:35:37.018387),2147448087.0513
20-Jan-2021 (22:35:38.821351),2147448111.8843
20-Jan-2021 (22:35:38.831253),2147448100.8311
20-Jan-2021 (22:35:40.635177),2147448079.8499
20-Jan-2021 (22:35:42.372268),2147448098.3641
20-Jan-2021 (22:35:42.382544),2147448115.7901
20-Jan-2021 (22:35:44.185281),2147448076.4442
20-Jan-2021 (22:35:44.197444),2147448076.3694
20-Jan-2021 (22:35:45.998153),2147448107.2294
20-Jan-2021 (22:35:47.805366),2147448079.8492
20-Jan-2021 (22:35:47.815338),2147448119.8337
20-Jan-2021 (22:35:49.618644),2147448121.9655
20-Jan-2021 (22:35:49.629553),2147448083.143
20-Jan-2021 (22:35:51.361673),2147448060.254
20-Jan-2021 (22:35:51.372261),2147448062.0526
20-Jan-2021 (22:35:53.173907),2147448097.3966
20-Jan-2021 (22:35:54.981608),2147448091.4077
20-Jan-2021 (22:35:54.991622),2147448117.1459
20-Jan-2021 (22:35:56.794601),2147448117.9924
20-Jan-2021 (22:35:56.805084),2147448110.4668
20-Jan-2021 (22:35:58.606072),2147448100.0431
20-Jan-2021 (22:36:00.344641),2147448128.3531
20-Jan-2021 (22:36:00.355108),2147448116.3802
20-Jan-2021 (22:36:02.157875),2147448096.3873
20-Jan-2021 (22:36:02.167848),2147448093.4926
20-Jan-2021 (22:36:03.970349),2147448112.8151
20-Jan-2021 (22:36:03.980523),2147448081.1463
20-Jan-2021 (22:36:05.783113),2147448110.512
20-Jan-2021 (22:36:07.590383),2147448091.756
20-Jan-2021 (22:36:07.600554),2147448094.2468
20-Jan-2021 (22:36:09.403354),2147448108.8286
20-Jan-2021 (22:36:09.413327),2147448075.9934
20-Jan-2021 (22:36:11.147150),2147448094.8401
20-Jan-2021 (22:36:12.955336),2147448073.6097
20-Jan-2021 (22:36:12.966072),2147448093.1328
20-Jan-2021 (22:36:14.767626),2147448100.8672
20-Jan-2021 (22:36:14.777745),2147448099.8595
20-Jan-2021 (22:36:16.580538),2147448101.1355
20-Jan-2021 (22:36:18.387063),2147448116.1474
20-Jan-2021 (22:36:18.396843),2147448092.4261
20-Jan-2021 (22:36:20.129572),2147448073.781
20-Jan-2021 (22:36:20.140672),2147448123.3685
20-Jan-2021 (22:36:21.943508),2147448078.7953
20-Jan-2021 (22:36:21.953670),2147448067.2983
20-Jan-2021 (22:36:23.754556),2147448103.408
20-Jan-2021 (22:36:25.564182),2147448103.0116
20-Jan-2021 (22:36:25.575212),2147448126.3886
20-Jan-2021 (22:36:27.376164),2147448071.1722
20-Jan-2021 (22:36:27.387134),2147448101.0938
20-Jan-2021 (22:36:29.120059),2147448105.9766
20-Jan-2021 (22:36:30.926405),2147448090.6318
20-Jan-2021 (22:36:30.937531),2147448103.021
20-Jan-2021 (22:36:32.740442),2147448104.8648
20-Jan-2021 (22:36:32.750446),2147448082.8137
20-Jan-2021 (22:36:34.553426),2147448101.4215
20-Jan-2021 (22:36:34.564900),2147448066.1438
20-Jan-2021 (22:36:36.364423),2147448103.7267
20-Jan-2021 (22:36:38.103475),2147448081.9742
20-Jan-2021 (22:36:38.114572),2147448071.4119
20-Jan-2021 (22:36:39.915849),2147448109.5273
20-Jan-2021 (22:36:39.924825),2147448080.4283
20-Jan-2021 (22:36:41.728572),2147448108.2914
20-Jan-2021 (22:36:43.536148),2147448083.6975
20-Jan-2021 (22:36:43.547117),2147448093.752
20-Jan-2021 (22:36:45.347656),2147448111.2365
20-Jan-2021 (22:36:45.358787),2147448061.1973
20-Jan-2021 (22:36:47.091456),2147448109.6474
20-Jan-2021 (22:36:48.899871),2147448094.7322
20-Jan-2021 (22:36:48.909843),2147448087.3094
20-Jan-2021 (22:36:50.711463),2147448065.74
20-Jan-2021 (22:36:50.722694),2147448100.5676
20-Jan-2021 (22:36:52.524453),2147448087.478
20-Jan-2021 (22:36:52.534481),2147448116.9343
20-Jan-2021 (22:36:54.337551),2147448129.8281
20-Jan-2021 (22:36:56.076464),2147448113.1085
20-Jan-2021 (22:36:56.088516),2147448116.0432
20-Jan-2021 (22:36:57.888510),2147448108.9664
20-Jan-2021 (22:36:57.899619),2147448134.8904
20-Jan-2021 (22:36:59.701442),2147448107.435
20-Jan-2021 (22:37:01.508366),2147448079.2027
20-Jan-2021 (22:37:01.518368),2147448063.8304
20-Jan-2021 (22:37:03.320459),2147448076.0871
20-Jan-2021 (22:37:03.330712),2147448089.0376
20-Jan-2021 (22:37:05.133174),2147448105.4974
20-Jan-2021 (22:37:05.144144),2147448090.4545
20-Jan-2021 (22:37:06.876408),2147448077.7557
20-Jan-2021 (22:37:08.685356),2147448089.4751
20-Jan-2021 (22:37:08.696328),2147448101.518
20-Jan-2021 (22:37:10.498669),2147448029.0767
20-Jan-2021 (22:37:10.508672),2147448100.0799
20-Jan-2021 (22:37:12.310522),2147448103.7511
20-Jan-2021 (22:37:14.117396),2147448085.6121
20-Jan-2021 (22:37:14.127368),2147448063.8257
20-Jan-2021 (22:37:15.861440),2147448057.0665
20-Jan-2021 (22:37:15.871786),2147448072.4826
20-Jan-2021 (22:37:17.671668),2147448078.0873
20-Jan-2021 (22:37:17.682638),2147448102.0623
20-Jan-2021 (22:37:19.486379),2147448071.4447
20-Jan-2021 (22:37:21.294173),2147448056.7901
20-Jan-2021 (22:37:21.305328),2147448082.7631
20-Jan-2021 (22:37:23.106402),2147448129.4063
20-Jan-2021 (22:37:23.117373),2147448060.2407
20-Jan-2021 (22:37:24.850355),2147448082.1903
20-Jan-2021 (22:37:26.657536),2147448081.6574
20-Jan-2021 (22:37:26.668507),2147448074.0386
20-Jan-2021 (22:37:28.470243),2147448088.2115
20-Jan-2021 (22:37:28.481214),2147448095.5062
20-Jan-2021 (22:37:30.283499),2147448141.5782
20-Jan-2021 (22:37:32.089309),2147448097.486
20-Jan-2021 (22:37:32.099283),2147448106.0026
20-Jan-2021 (22:37:33.834309),2147448121.5323
20-Jan-2021 (22:37:33.844786),2147448124.6424
20-Jan-2021 (22:37:35.646908),2147448069.796
20-Jan-2021 (22:37:35.656881),2147448136.2172
20-Jan-2021 (22:37:37.459105),2147448112.0532
20-Jan-2021 (22:37:39.266898),2147448116.7248
20-Jan-2021 (22:37:39.276695),2147448083.8921
20-Jan-2021 (22:37:41.079658),2147448099.9378
20-Jan-2021 (22:37:41.089430),2147448089.8364
20-Jan-2021 (22:37:42.822479),2147448107.6474
20-Jan-2021 (22:37:44.629863),2147448100.9674
20-Jan-2021 (22:37:44.640803),2147448074.0301
20-Jan-2021 (22:37:46.442413),2147448118.5848
20-Jan-2021 (22:37:46.452386),2147448114.6035
20-Jan-2021 (22:37:48.255687),2147448123.9499
20-Jan-2021 (22:37:48.266670),2147448093.9146
20-Jan-2021 (22:37:50.068408),2147448071.5418
20-Jan-2021 (22:37:51.806324),2147448074.0726
20-Jan-2021 (22:37:51.817280),2147448098.9908
20-Jan-2021 (22:37:53.619315),2147448067.6973
20-Jan-2021 (22:37:53.629292),2147448078.8116
20-Jan-2021 (22:37:55.431290),2147448081.6431
20-Jan-2021 (22:37:57.238522),2147448111.3004
20-Jan-2021 (22:37:57.250492),2147448101.3827
20-Jan-2021 (22:37:59.051391),2147448081.377
20-Jan-2021 (22:37:59.061442),2147448098.9136
20-Jan-2021 (22:38:00.865524),2147448113.3805
20-Jan-2021 (22:38:02.602316),2147448132.1836
20-Jan-2021 (22:38:02.612656),2147448092.973
20-Jan-2021 (22:38:04.414919),2147448095.3565
20-Jan-2021 (22:38:04.425889),2147448094.9521
20-Jan-2021 (22:38:06.228416),2147448105.1082
20-Jan-2021 (22:38:06.239442),2147448105.7302
20-Jan-2021 (22:38:08.041360),2147448120.1582
20-Jan-2021 (22:38:09.848680),2147448078.1433
20-Jan-2021 (22:38:09.859801),2147448131.4311
20-Jan-2021 (22:38:11.592151),2147448116.7807
20-Jan-2021 (22:38:11.602319),2147448100.6555
20-Jan-2021 (22:38:13.404286),2147448076.8385
20-Jan-2021 (22:38:15.211502),2147448072.277
20-Jan-2021 (22:38:15.221979),2147448089.3612
20-Jan-2021 (22:38:17.024458),2147448075.8504
20-Jan-2021 (22:38:17.034438),2147448097.6134
20-Jan-2021 (22:38:18.838132),2147448063.6692
20-Jan-2021 (22:38:18.848219),2147448103.6507
20-Jan-2021 (22:38:20.580814),2147448086.9628
20-Jan-2021 (22:38:22.387546),2147448083.5363
20-Jan-2021 (22:38:22.396621),2147448045.4249
20-Jan-2021 (22:38:24.200485),2147448050.9178
20-Jan-2021 (22:38:24.211454),2147448075.5745
20-Jan-2021 (22:38:26.012147),2147448067.7956
20-Jan-2021 (22:38:27.821267),2147448080.5045
20-Jan-2021 (22:38:27.831272),2147448078.222
20-Jan-2021 (22:38:29.564335),2147448079.5339
20-Jan-2021 (22:38:29.575504),2147448046.5027
20-Jan-2021 (22:38:31.377401),2147448054.9419
20-Jan-2021 (22:38:33.184340),2147448077.5758
20-Jan-2021 (22:38:33.194286),2147448084.5419
20-Jan-2021 (22:38:34.996403),2147448082.3892
20-Jan-2021 (22:38:35.006514),2147448084.0663
20-Jan-2021 (22:38:36.809503),2147448068.0353
20-Jan-2021 (22:38:36.819479),2147448064.1884
20-Jan-2021 (22:38:38.552791),2147448091.9917
20-Jan-2021 (22:38:40.360481),2147448038.4188
20-Jan-2021 (22:38:40.370454),2147448068.012
20-Jan-2021 (22:38:42.172548),2147448074.9945
20-Jan-2021 (22:38:42.183487),2147448075.0692
20-Jan-2021 (22:38:43.986073),2147448129.7327
20-Jan-2021 (22:38:45.793411),2147448082.9244
20-Jan-2021 (22:38:45.803888),2147448090.2406
20-Jan-2021 (22:38:47.536970),2147448099.0576
20-Jan-2021 (22:38:47.546981),2147448085.4393
20-Jan-2021 (22:38:49.348406),2147448072.7824
20-Jan-2021 (22:38:49.358395),2147448064.8544
20-Jan-2021 (22:38:51.162426),2147448075.3939
20-Jan-2021 (22:38:52.969297),2147448105.3083
20-Jan-2021 (22:38:52.980190),2147448089.0254
20-Jan-2021 (22:38:54.781577),2147448073.5059
20-Jan-2021 (22:38:54.791968),2147448078.3448
20-Jan-2021 (22:38:56.594381),2147448073.1849
20-Jan-2021 (22:38:58.333606),2147448073.0873
20-Jan-2021 (22:38:58.343580),2147448070.8521
20-Jan-2021 (22:39:00.145119),2147448094.741
20-Jan-2021 (22:39:00.156090),2147448084.9361
20-Jan-2021 (22:39:01.958708),2147448081.8694
20-Jan-2021 (22:39:03.766071),2147448095.9678
20-Jan-2021 (22:39:03.776044),2147448091.4972
20-Jan-2021 (22:39:05.578289),2147448097.1646
20-Jan-2021 (22:39:05.590257),2147448054.6132
20-Jan-2021 (22:39:07.321305),2147448074.2303
20-Jan-2021 (22:39:07.332502),2147448102.769
20-Jan-2021 (22:39:09.134393),2147448110.2148
20-Jan-2021 (22:39:10.942490),2147448079.1196
20-Jan-2021 (22:39:10.952292),2147448111.7967
20-Jan-2021 (22:39:12.754601),2147448090.2246
20-Jan-2021 (22:39:12.766045),2147448082.5897
20-Jan-2021 (22:39:14.568277),2147448096.3879
20-Jan-2021 (22:39:16.305789),2147448077.7668
20-Jan-2021 (22:39:16.315802),2147448068.8961
20-Jan-2021 (22:39:18.117663),2147448069.0608
20-Jan-2021 (22:39:18.128634),2147448092.7783
20-Jan-2021 (22:39:19.932407),2147448116.3919
20-Jan-2021 (22:39:19.942261),2147448087.8921
20-Jan-2021 (22:39:21.743614),2147448086.0045
20-Jan-2021 (22:39:23.550948),2147448077.5737
20-Jan-2021 (22:39:23.561920),2147448070.292
20-Jan-2021 (22:39:25.294717),2147448071.3406
20-Jan-2021 (22:39:25.305688),2147448078.6664
20-Jan-2021 (22:39:27.107307),2147448072.8305
20-Jan-2021 (22:39:28.914051),2147448102.7163
20-Jan-2021 (22:39:28.924025),2147448076.018
20-Jan-2021 (22:39:30.727729),2147448071.2862
20-Jan-2021 (22:39:30.737883),2147448090.575
20-Jan-2021 (22:39:32.541017),2147448103.8867
20-Jan-2021 (22:39:32.552013),2147448101.9057
20-Jan-2021 (22:39:34.283295),2147448094.2975
20-Jan-2021 (22:39:36.089273),2147448130.1925
20-Jan-2021 (22:39:36.100209),2147448089.2791
20-Jan-2021 (22:39:37.902345),2147448051.6416
20-Jan-2021 (22:39:37.913540),2147448075.8425
20-Jan-2021 (22:39:39.716293),2147448096.8669
20-Jan-2021 (22:39:41.524354),2147448085.5946
20-Jan-2021 (22:39:41.535338),2147448087.4232
20-Jan-2021 (22:39:43.266447),2147448095.2683
20-Jan-2021 (22:39:43.277693),2147448108.3409
20-Jan-2021 (22:39:45.080581),2147448072.1954
20-Jan-2021 (22:39:46.887525),2147448072.9249
20-Jan-2021 (22:39:46.897493),2147448087.9082
20-Jan-2021 (22:39:48.700224),2147448078.0365
20-Jan-2021 (22:39:48.710233),2147448082.375
20-Jan-2021 (22:39:50.512188),2147448072.9453
20-Jan-2021 (22:39:50.522184),2147448134.2884
20-Jan-2021 (22:39:52.323484),2147448106.54
20-Jan-2021 (22:39:54.063875),2147448107.1981
20-Jan-2021 (22:39:54.079282),2147448131.385
20-Jan-2021 (22:39:55.877077),2147448102.6553
20-Jan-2021 (22:39:55.888048),2147448087.1616
20-Jan-2021 (22:39:57.689339),2147448118.8976
20-Jan-2021 (22:39:59.496499),2147448120.1917
20-Jan-2021 (22:39:59.508441),2147448088.557
20-Jan-2021 (22:40:01.309295),2147448116.1773
20-Jan-2021 (22:40:01.320266),2147448071.9028
20-Jan-2021 (22:40:03.051365),2147448071.938
20-Jan-2021 (22:40:03.061764),2147448084.0454
20-Jan-2021 (22:40:04.864851),2147448091.1909
20-Jan-2021 (22:40:06.671257),2147448094.0959
20-Jan-2021 (22:40:06.682231),2147448093.8014
20-Jan-2021 (22:40:08.485478),2147448103.9982
20-Jan-2021 (22:40:08.495451),2147448106.9169
20-Jan-2021 (22:40:10.297451),2147448112.7401
20-Jan-2021 (22:40:12.035271),2147448064.4507
20-Jan-2021 (22:40:12.046270),2147448102.973
20-Jan-2021 (22:40:13.848930),2147448088.528
20-Jan-2021 (22:40:13.859901),2147448114.987
20-Jan-2021 (22:40:15.661900),2147448083.4555
20-Jan-2021 (22:40:17.469130),2147448115.5895
20-Jan-2021 (22:40:17.479106),2147448117.9296
20-Jan-2021 (22:40:19.282234),2147448100.3534
20-Jan-2021 (22:40:19.292812),2147448100.986
20-Jan-2021 (22:40:21.024679),2147448092.6708
20-Jan-2021 (22:40:21.035650),2147448104.2869
20-Jan-2021 (22:40:22.838309),2147448060.4947
20-Jan-2021 (22:40:24.645200),2147448095.3828
20-Jan-2021 (22:40:24.656251),2147448109.2934
20-Jan-2021 (22:40:26.457464),2147448093.4587
20-Jan-2021 (22:40:26.467469),2147448090.96
20-Jan-2021 (22:40:28.271002),2147448113.3822
20-Jan-2021 (22:40:30.008391),2147448082.0778
20-Jan-2021 (22:40:30.019292),2147448095.8439
20-Jan-2021 (22:40:31.821524),2147448080.9678
20-Jan-2021 (22:40:31.832596),2147448064.3153
20-Jan-2021 (22:40:33.634590),2147448091.3401
20-Jan-2021 (22:40:33.645561),2147448089.6873
20-Jan-2021 (22:40:35.447242),2147448081.9167
20-Jan-2021 (22:40:37.254042),2147448064.8044
20-Jan-2021 (22:40:37.264045),2147448100.6834
20-Jan-2021 (22:40:38.998194),2147448086.1534
20-Jan-2021 (22:40:39.008199),2147448070.1208
20-Jan-2021 (22:40:40.810228),2147448056.1177
20-Jan-2021 (22:40:42.618168),2147448060.0548
20-Jan-2021 (22:40:42.628141),2147448090.2454
20-Jan-2021 (22:40:44.430146),2147448066.9806
20-Jan-2021 (22:40:44.440367),2147448096.1958
20-Jan-2021 (22:40:46.243327),2147448080.7945
20-Jan-2021 (22:40:48.049449),2147448055.108
20-Jan-2021 (22:40:48.059834),2147448066.9893
20-Jan-2021 (22:40:49.794422),2147448064.4962
20-Jan-2021 (22:40:49.804396),2147448084.9637
20-Jan-2021 (22:40:51.606474),2147448085.9874
20-Jan-2021 (22:40:51.616447),2147448076.2937
20-Jan-2021 (22:40:53.419233),2147448090.6257
20-Jan-2021 (22:40:55.227401),2147448069.7192
20-Jan-2021 (22:40:55.237385),2147448076.8591
20-Jan-2021 (22:40:57.040204),2147448060.2021
20-Jan-2021 (22:40:57.050564),2147448069.2485
20-Jan-2021 (22:40:58.782423),2147448099.7051
20-Jan-2021 (22:41:00.589256),2147448097.3067
20-Jan-2021 (22:41:00.599230),2147448051.4053
20-Jan-2021 (22:41:02.402253),2147448084.575
20-Jan-2021 (22:41:02.413197),2147448072.3598
20-Jan-2021 (22:41:04.215793),2147448073.6971
20-Jan-2021 (22:41:04.226608),2147448082.0626
20-Jan-2021 (22:41:06.029239),2147448082.4873
20-Jan-2021 (22:41:07.766410),2147448074.5569
20-Jan-2021 (22:41:07.776383),2147448080.4658
20-Jan-2021 (22:41:09.580076),2147448091.577
20-Jan-2021 (22:41:09.590049),2147448072.9336
20-Jan-2021 (22:41:11.392292),2147448058.9384
20-Jan-2021 (22:41:13.198404),2147448083.7484
20-Jan-2021 (22:41:13.209376),2147448065.9906
20-Jan-2021 (22:41:15.011375),2147448059.7136
20-Jan-2021 (22:41:15.021290),2147448087.8804
20-Jan-2021 (22:41:16.756304),2147448073.7942
20-Jan-2021 (22:41:18.563291),2147448096.7054
20-Jan-2021 (22:41:18.573261),2147448087.9304
20-Jan-2021 (22:41:20.375228),2147448058.6433
20-Jan-2021 (22:41:20.386199),2147448072.9252
20-Jan-2021 (22:41:22.187111),2147448047.6528
20-Jan-2021 (22:41:22.197085),2147448059.7831
20-Jan-2021 (22:41:24.000422),2147448067.2226
20-Jan-2021 (22:41:25.738860),2147448082.8948
20-Jan-2021 (22:41:25.749831),2147448106.4885
20-Jan-2021 (22:41:27.550297),2147448085.968
20-Jan-2021 (22:41:27.561292),2147448087.394
20-Jan-2021 (22:41:29.365255),2147448046.3281
20-Jan-2021 (22:41:31.172359),2147448060.1747
20-Jan-2021 (22:41:31.183331),2147448073.3707
20-Jan-2021 (22:41:32.985349),2147448062.5531
20-Jan-2021 (22:41:32.995352),2147448083.201
20-Jan-2021 (22:41:34.727369),2147448097.5774
20-Jan-2021 (22:41:34.737845),2147448062.0449
20-Jan-2021 (22:41:36.540687),2147448063.0147
20-Jan-2021 (22:41:38.347270),2147448052.4952
20-Jan-2021 (22:41:38.358743),2147448065.7099
20-Jan-2021 (22:41:40.160055),2147448070.0671
20-Jan-2021 (22:41:40.170465),2147448067.9647
20-Jan-2021 (22:41:41.973427),2147448099.3325
20-Jan-2021 (22:41:43.780310),2147448093.7973
20-Jan-2021 (22:41:43.791409),2147448092.4806
20-Jan-2021 (22:41:45.524323),2147448068.4865
20-Jan-2021 (22:41:45.534314),2147448060.7405
20-Jan-2021 (22:41:47.337368),2147448080.0249
20-Jan-2021 (22:41:47.347313),2147448096.9857
20-Jan-2021 (22:41:49.150048),2147448050.5131
20-Jan-2021 (22:41:50.957138),2147448097.8487
20-Jan-2021 (22:41:50.968296),2147448089.6913
20-Jan-2021 (22:41:52.770323),2147448073.9039
20-Jan-2021 (22:41:52.781184),2147448093.0644
20-Jan-2021 (22:41:54.511924),2147448081.9872
20-Jan-2021 (22:41:56.321292),2147448088.0196
20-Jan-2021 (22:41:56.330547),2147448087.1357
20-Jan-2021 (22:41:58.132219),2147448090.5571
20-Jan-2021 (22:41:58.143438),2147448095.9123
20-Jan-2021 (22:41:59.945142),2147448087.05
20-Jan-2021 (22:42:01.754239),2147448056.5324
20-Jan-2021 (22:42:01.764215),2147448067.3851
20-Jan-2021 (22:42:03.497227),2147448068.4144
20-Jan-2021 (22:42:03.508171),2147448093.3501
20-Jan-2021 (22:42:05.309002),2147448073.6658
20-Jan-2021 (22:42:05.319972),2147448088.7708
20-Jan-2021 (22:42:07.122987),2147448086.2897
20-Jan-2021 (22:42:08.928692),2147448080.6895
20-Jan-2021 (22:42:08.938672),2147448110.7159
20-Jan-2021 (22:42:10.742814),2147448082.4024
20-Jan-2021 (22:42:10.753194),2147448087.2391
20-Jan-2021 (22:42:12.485884),2147448096.8992
20-Jan-2021 (22:42:14.293389),2147448093.8056
20-Jan-2021 (22:42:14.304443),2147448093.0924
20-Jan-2021 (22:42:16.106191),2147448081.0259
20-Jan-2021 (22:42:16.116364),2147448087.2048
20-Jan-2021 (22:42:17.917375),2147448089.4556
20-Jan-2021 (22:42:17.929357),2147448079.1909
20-Jan-2021 (22:42:19.731221),2147448067.8171
20-Jan-2021 (22:42:21.469333),2147448087.6418
20-Jan-2021 (22:42:21.479334),2147448108.8815
20-Jan-2021 (22:42:23.281288),2147448080.78
20-Jan-2021 (22:42:23.291295),2147448073.1107
20-Jan-2021 (22:42:25.094958),2147448074.4184
20-Jan-2021 (22:42:26.903089),2147448092.6966
20-Jan-2021 (22:42:26.913062),2147448068.4419
20-Jan-2021 (22:42:28.715205),2147448050.7531
20-Jan-2021 (22:42:28.726204),2147448067.0798
20-Jan-2021 (22:42:30.459214),2147448087.7778
20-Jan-2021 (22:42:32.266195),2147448098.5418
20-Jan-2021 (22:42:32.277627),2147448070.2537
20-Jan-2021 (22:42:34.077856),2147448097.6441
20-Jan-2021 (22:42:34.089824),2147448095.9835
20-Jan-2021 (22:42:35.890301),2147448107.0872
20-Jan-2021 (22:42:35.900274),2147448066.8715
20-Jan-2021 (22:42:37.703210),2147448071.9786
20-Jan-2021 (22:42:39.510952),2147448101.211
20-Jan-2021 (22:42:39.521896),2147448084.082
20-Jan-2021 (22:42:41.254615),2147448074.4773
20-Jan-2021 (22:42:41.265485),2147448083.8928
20-Jan-2021 (22:42:43.067200),2147448077.7072
20-Jan-2021 (22:42:44.874197),2147448106.5929
20-Jan-2021 (22:42:44.884732),2147448070.5495
20-Jan-2021 (22:42:46.688265),2147448055.8101
20-Jan-2021 (22:42:46.699267),2147448082.9088
20-Jan-2021 (22:42:48.500611),2147448097.8318
20-Jan-2021 (22:42:48.512549),2147448085.8984
20-Jan-2021 (22:42:50.243241),2147448095.0458
20-Jan-2021 (22:42:52.051320),2147448104.3769
20-Jan-2021 (22:42:52.061573),2147448090.544
20-Jan-2021 (22:42:53.864262),2147448099.7462
20-Jan-2021 (22:42:53.875233),2147448082.3898
20-Jan-2021 (22:42:55.676225),2147448085.7895
20-Jan-2021 (22:42:57.484218),2147448086.7555
20-Jan-2021 (22:42:57.494197),2147448132.0413
20-Jan-2021 (22:42:59.227454),2147448095.7162
20-Jan-2021 (22:42:59.238592),2147448085.5882
20-Jan-2021 (22:43:01.040504),2147448099.2514
20-Jan-2021 (22:43:02.847515),2147448092.772
20-Jan-2021 (22:43:02.857489),2147448110.725
20-Jan-2021 (22:43:04.659457),2147448095.2
20-Jan-2021 (22:43:04.669265),2147448074.848
20-Jan-2021 (22:43:06.473186),2147448086.0977
20-Jan-2021 (22:43:06.483224),2147448116.8898
20-Jan-2021 (22:43:08.217084),2147448108.9901
20-Jan-2021 (22:43:10.024278),2147448103.0124
20-Jan-2021 (22:43:10.035206),2147448060.5512
20-Jan-2021 (22:43:11.837165),2147448074.4894
20-Jan-2021 (22:43:11.847138),2147448085.094
20-Jan-2021 (22:43:13.649389),2147448154.6824
20-Jan-2021 (22:43:15.456309),2147448092.1878
20-Jan-2021 (22:43:15.466311),2147448110.4909
20-Jan-2021 (22:43:17.199449),2147448096.1168
20-Jan-2021 (22:43:17.208776),2147448091.821
20-Jan-2021 (22:43:19.011260),2147448059.5911
20-Jan-2021 (22:43:19.022419),2147448090.4139
20-Jan-2021 (22:43:20.825226),2147448075.3604
20-Jan-2021 (22:43:22.633362),2147448073.155
20-Jan-2021 (22:43:22.643338),2147448065.1207
20-Jan-2021 (22:43:24.446366),2147448078.7362
20-Jan-2021 (22:43:24.456031),2147448082.6457
20-Jan-2021 (22:43:26.188975),2147448092.3044
20-Jan-2021 (22:43:27.995783),2147448092.6643
20-Jan-2021 (22:43:28.006727),2147448082.971
20-Jan-2021 (22:43:29.808171),2147448062.0954
20-Jan-2021 (22:43:29.818600),2147448089.6247
20-Jan-2021 (22:43:31.621044),2147448088.3864
20-Jan-2021 (22:43:33.429880),2147448096.6447
20-Jan-2021 (22:43:33.439905),2147448098.6958
20-Jan-2021 (22:43:35.241928),2147448089.8391
20-Jan-2021 (22:43:35.253441),2147448109.6435
20-Jan-2021 (22:43:36.984110),2147448091.1675
20-Jan-2021 (22:43:36.994083),2147448070.5846
20-Jan-2021 (22:43:38.798971),2147448071.8837
20-Jan-2021 (22:43:40.606174),2147448057.0258
20-Jan-2021 (22:43:40.616147),2147448071.9911
20-Jan-2021 (22:43:42.417974),2147448078.5781
20-Jan-2021 (22:43:42.430100),2147448092.4798
20-Jan-2021 (22:43:44.231529),2147448078.5786
20-Jan-2021 (22:43:45.968020),2147448074.4545
20-Jan-2021 (22:43:45.977966),2147448068.9109
20-Jan-2021 (22:43:47.780985),2147448082.1362
20-Jan-2021 (22:43:47.790965),2147448046.2603
20-Jan-2021 (22:43:49.593188),2147448078.605
20-Jan-2021 (22:43:49.603589),2147448069.152
20-Jan-2021 (22:43:51.406130),2147448108.5365
20-Jan-2021 (22:43:53.214181),2147448082.1743
20-Jan-2021 (22:43:53.224173),2147448051.8921
20-Jan-2021 (22:43:54.958387),2147448068.8944
20-Jan-2021 (22:43:54.968377),2147448109.5005
20-Jan-2021 (22:43:56.770285),2147448065.7919
20-Jan-2021 (22:43:58.577396),2147448066.7088
20-Jan-2021 (22:43:58.588369),2147448097.5228
20-Jan-2021 (22:44:00.390176),2147448082.1626
20-Jan-2021 (22:44:00.401371),2147448043.6958
20-Jan-2021 (22:44:02.203096),2147448082.3959
20-Jan-2021 (22:44:02.214066),2147448052.4341
20-Jan-2021 (22:44:03.947112),2147448080.3206
20-Jan-2021 (22:44:05.753895),2147448092.6678
20-Jan-2021 (22:44:05.763868),2147448059.9291
20-Jan-2021 (22:44:07.567128),2147448098.0808
20-Jan-2021 (22:44:07.577033),2147448063.7588
20-Jan-2021 (22:44:09.379515),2147448074.5071
20-Jan-2021 (22:44:11.187195),2147448100.2207
20-Jan-2021 (22:44:11.198138),2147448070.4202
20-Jan-2021 (22:44:12.930164),2147448091.7779
20-Jan-2021 (22:44:12.940454),2147448072.7441
20-Jan-2021 (22:44:14.742133),2147448077.1164
20-Jan-2021 (22:44:16.551130),2147448101.124
20-Jan-2021 (22:44:16.562118),2147448109.824
20-Jan-2021 (22:44:18.362192),2147448086.7326
20-Jan-2021 (22:44:18.372194),2147448070.7824
20-Jan-2021 (22:44:20.176269),2147448065.3684
20-Jan-2021 (22:44:20.186517),2147448091.4873
20-Jan-2021 (22:44:21.919605),2147448089.66
20-Jan-2021 (22:44:23.727246),2147448069.8528
20-Jan-2021 (22:44:23.738217),2147448082.3735
20-Jan-2021 (22:44:25.540541),2147448094.9968
20-Jan-2021 (22:44:25.550257),2147448123.673
20-Jan-2021 (22:44:27.352655),2147448081.8523
20-Jan-2021 (22:44:29.159226),2147448098.6256
20-Jan-2021 (22:44:29.169682),2147448067.1761
20-Jan-2021 (22:44:30.973018),2147448082.3378
20-Jan-2021 (22:44:30.982991),2147448095.3413
20-Jan-2021 (22:44:32.714099),2147448084.0033
20-Jan-2021 (22:44:32.724730),2147448089.8494
20-Jan-2021 (22:44:34.527966),2147448101.9984
20-Jan-2021 (22:44:36.335712),2147448082.5895
20-Jan-2021 (22:44:36.346711),2147448076.661
20-Jan-2021 (22:44:38.148892),2147448054.0953
20-Jan-2021 (22:44:38.160234),2147448067.4082
20-Jan-2021 (22:44:39.961240),2147448107.328
20-Jan-2021 (22:44:41.699143),2147448118.2798
20-Jan-2021 (22:44:41.709149),2147448087.1428
20-Jan-2021 (22:44:43.511037),2147448091.6267
20-Jan-2021 (22:44:43.521548),2147448083.9484
20-Jan-2021 (22:44:45.324074),2147448108.8354
20-Jan-2021 (22:44:47.132787),2147448115.0924
20-Jan-2021 (22:44:47.142732),2147448087.1909
20-Jan-2021 (22:44:48.944937),2147448084.842
20-Jan-2021 (22:44:48.955451),2147448084.8821
20-Jan-2021 (22:44:50.688173),2147448090.3196
20-Jan-2021 (22:44:50.699145),2147448115.4252
20-Jan-2021 (22:44:52.500133),2147448085.5956
20-Jan-2021 (22:44:54.308218),2147448099.5795
20-Jan-2021 (22:44:54.319188),2147448076.99
20-Jan-2021 (22:44:56.121142),2147448065.458
20-Jan-2021 (22:44:56.130855),2147448083.1007
20-Jan-2021 (22:44:57.933922),2147448107.4307
20-Jan-2021 (22:44:59.672042),2147448080.5451
20-Jan-2021 (22:44:59.682067),2147448090.4431
20-Jan-2021 (22:45:01.485093),2147448101.8825
20-Jan-2021 (22:45:01.496064),2147448078.5008
20-Jan-2021 (22:45:03.298107),2147448099.0646
20-Jan-2021 (22:45:03.308093),2147448072.6923
20-Jan-2021 (22:45:05.110101),2147448080.025
20-Jan-2021 (22:45:06.917225),2147448096.1357
20-Jan-2021 (22:45:06.927199),2147448116.5335
20-Jan-2021 (22:45:08.660695),2147448071.8881
20-Jan-2021 (22:45:08.671010),2147448057.8471
20-Jan-2021 (22:45:10.473752),2147448076.5949
20-Jan-2021 (22:45:12.280946),2147448078.3193
20-Jan-2021 (22:45:12.291889),2147448077.8729
20-Jan-2021 (22:45:14.094129),2147448090.7665
20-Jan-2021 (22:45:14.105319),2147448102.8296
20-Jan-2021 (22:45:15.905990),2147448111.6933
20-Jan-2021 (22:45:17.644876),2147448087.2037
20-Jan-2021 (22:45:17.654960),2147448081.1413
20-Jan-2021 (22:45:19.456488),2147448056.1899
20-Jan-2021 (22:45:19.466461),2147448076.4459
20-Jan-2021 (22:45:21.269638),2147448104.2596
20-Jan-2021 (22:45:21.279700),2147448079.7545
20-Jan-2021 (22:45:23.081879),2147448072.2533
20-Jan-2021 (22:45:24.890282),2147448111.4038
20-Jan-2021 (22:45:24.901414),2147448093.5016
20-Jan-2021 (22:45:26.702597),2147448087.5636
20-Jan-2021 (22:45:26.712570),2147448083.4144
20-Jan-2021 (22:45:28.445963),2147448082.8954
20-Jan-2021 (22:45:30.253082),2147448098.6793
20-Jan-2021 (22:45:30.263084),2147448118.1185
20-Jan-2021 (22:45:32.066261),2147448091.832
20-Jan-2021 (22:45:32.075234),2147448086.1296
20-Jan-2021 (22:45:33.878416),2147448080.9158
20-Jan-2021 (22:45:33.888452),2147448078.0641
20-Jan-2021 (22:45:35.691629),2147448100.8257
20-Jan-2021 (22:45:37.429980),2147448100.7894
20-Jan-2021 (22:45:37.439954),2147448107.9547
20-Jan-2021 (22:45:39.242134),2147448109.8625
20-Jan-2021 (22:45:39.252104),2147448086.2217
20-Jan-2021 (22:45:41.054849),2147448093.5856
20-Jan-2021 (22:45:42.862052),2147448088.0751
20-Jan-2021 (22:45:42.872017),2147448079.6284
20-Jan-2021 (22:45:44.675313),2147448086.7889
20-Jan-2021 (22:45:44.685588),2147448064.1719
20-Jan-2021 (22:45:46.419073),2147448070.4531
20-Jan-2021 (22:45:48.226238),2147448078.624
20-Jan-2021 (22:45:48.236214),2147448076.1752
20-Jan-2021 (22:45:50.038397),2147448108.6203
20-Jan-2021 (22:45:50.048370),2147448100.8745
20-Jan-2021 (22:45:51.851574),2147448106.6666
20-Jan-2021 (22:45:51.862545),2147448091.6924
20-Jan-2021 (22:45:53.664728),2147448094.2642
20-Jan-2021 (22:45:55.403075),2147448103.3729
20-Jan-2021 (22:45:55.413049),2147448088.8189
20-Jan-2021 (22:45:57.215230),2147448088.5004
20-Jan-2021 (22:45:57.226202),2147448091.4092
20-Jan-2021 (22:45:59.028380),2147448129.1564
20-Jan-2021 (22:46:00.835547),2147448074.611
20-Jan-2021 (22:46:00.846518),2147448100.5937
20-Jan-2021 (22:46:02.648697),2147448097.3979
20-Jan-2021 (22:46:02.657695),2147448125.1049
20-Jan-2021 (22:46:04.391038),2147448096.0216
20-Jan-2021 (22:46:04.402009),2147448108.9694
20-Jan-2021 (22:46:06.204188),2147448095.5473
20-Jan-2021 (22:46:08.011354),2147448062.5446
20-Jan-2021 (22:46:08.022326),2147448113.9809
20-Jan-2021 (22:46:09.823508),2147448092.6364
20-Jan-2021 (22:46:09.833481),2147448100.1942
20-Jan-2021 (22:46:11.636659),2147448097.2457
20-Jan-2021 (22:46:13.375012),2147448106.209
20-Jan-2021 (22:46:13.385981),2147448109.1583
20-Jan-2021 (22:46:15.188166),2147448078.0211
20-Jan-2021 (22:46:15.198134),2147448094.3066
20-Jan-2021 (22:46:17.000286),2147448095.5693
20-Jan-2021 (22:46:17.011257),2147448103.1679
20-Jan-2021 (22:46:18.813213),2147448094.013
20-Jan-2021 (22:46:20.620185),2147448070.9745
20-Jan-2021 (22:46:20.630158),2147448078.1309
20-Jan-2021 (22:46:22.434305),2147448084.1363
20-Jan-2021 (22:46:22.444307),2147448096.9269
20-Jan-2021 (22:46:24.175678),2147448055.1063
20-Jan-2021 (22:46:25.983846),2147448100.9787
20-Jan-2021 (22:46:25.993813),2147448066.5164
20-Jan-2021 (22:46:27.796963),2147448083.3812
20-Jan-2021 (22:46:27.807934),2147448092.7245
20-Jan-2021 (22:46:29.610142),2147448095.5339
20-Jan-2021 (22:46:31.417308),2147448106.6345
20-Jan-2021 (22:46:31.427282),2147448097.6677
20-Jan-2021 (22:46:33.160645),2147448086.8378
20-Jan-2021 (22:46:33.171619),2147448111.6125
20-Jan-2021 (22:46:34.972798),2147448062.2983
20-Jan-2021 (22:46:34.982744),2147448093.025
20-Jan-2021 (22:46:36.785586),2147448087.1534
20-Jan-2021 (22:46:38.592754),2147448109.2538
20-Jan-2021 (22:46:38.602821),2147448114.8975
20-Jan-2021 (22:46:40.405153),2147448079.3949
20-Jan-2021 (22:46:40.415681),2147448100.5211
20-Jan-2021 (22:46:42.150147),2147448090.1057
20-Jan-2021 (22:46:43.956316),2147448063.7389
20-Jan-2021 (22:46:43.966290),2147448099.9098
20-Jan-2021 (22:46:45.769415),2147448073.9307
20-Jan-2021 (22:46:45.779389),2147448109.9315
20-Jan-2021 (22:46:47.581571),2147448114.2099
20-Jan-2021 (22:46:47.591542),2147448113.5863
20-Jan-2021 (22:46:49.394721),2147448098.8115
20-Jan-2021 (22:46:51.132071),2147448101.0475
20-Jan-2021 (22:46:51.142046),2147448118.2974
20-Jan-2021 (22:46:52.946089),2147448108.1318
20-Jan-2021 (22:46:52.955062),2147448111.6575
20-Jan-2021 (22:46:54.758239),2147448063.1172
20-Jan-2021 (22:46:56.566404),2147448113.921
20-Jan-2021 (22:46:56.576379),2147448102.5133
20-Jan-2021 (22:46:58.378557),2147448098.5056
20-Jan-2021 (22:46:58.389528),2147448091.8227
20-Jan-2021 (22:47:00.121854),2147448095.6409
20-Jan-2021 (22:47:01.929081),2147448100.4328
20-Jan-2021 (22:47:01.939054),2147448104.9806
20-Jan-2021 (22:47:03.741393),2147448103.8712
20-Jan-2021 (22:47:03.751369),2147448085.2937
20-Jan-2021 (22:47:05.554885),2147448104.3123
20-Jan-2021 (22:47:05.565533),2147448098.2476
20-Jan-2021 (22:47:07.367728),2147448118.0105
20-Jan-2021 (22:47:09.105090),2147448080.101
20-Jan-2021 (22:47:09.115063),2147448117.9825
20-Jan-2021 (22:47:10.918783),2147448107.541
20-Jan-2021 (22:47:10.928441),2147448111.437
20-Jan-2021 (22:47:12.730704),2147448084.2452
20-Jan-2021 (22:47:14.538501),2147448091.2721
20-Jan-2021 (22:47:14.549444),2147448063.414
20-Jan-2021 (22:47:16.351238),2147448100.7857
20-Jan-2021 (22:47:16.362379),2147448071.5038
20-Jan-2021 (22:47:18.163914),2147448084.1683
20-Jan-2021 (22:47:18.174885),2147448076.611
20-Jan-2021 (22:47:19.907177),2147448069.1217
20-Jan-2021 (22:47:21.714927),2147448113.3679
20-Jan-2021 (22:47:21.725832),2147448079.3739
20-Jan-2021 (22:47:23.527942),2147448107.3042
20-Jan-2021 (22:47:23.538912),2147448117.8184
20-Jan-2021 (22:47:25.339050),2147448091.6724
20-Jan-2021 (22:47:27.147756),2147448095.3531
20-Jan-2021 (22:47:27.157822),2147448100.9704
20-Jan-2021 (22:47:28.891001),2147448064.8638
20-Jan-2021 (22:47:28.901973),2147448091.1188
20-Jan-2021 (22:47:30.702863),2147448060.1084
20-Jan-2021 (22:47:32.510923),2147448094.5164
20-Jan-2021 (22:47:32.521894),2147448077.2821
20-Jan-2021 (22:47:34.324213),2147448090.5804
20-Jan-2021 (22:47:34.335184),2147448096.3406
20-Jan-2021 (22:47:36.135918),2147448076.8235
20-Jan-2021 (22:47:36.146889),2147448141.9271
20-Jan-2021 (22:47:37.879603),2147448086.6447
20-Jan-2021 (22:47:39.687195),2147448094.1955
20-Jan-2021 (22:47:39.698165),2147448066.1826
20-Jan-2021 (22:47:41.500444),2147448080.4206
20-Jan-2021 (22:47:41.511415),2147448116.3912
20-Jan-2021 (22:47:43.311819),2147448111.9088
20-Jan-2021 (22:47:45.119207),2147448089.554
20-Jan-2021 (22:47:45.130151),2147448119.0326
20-Jan-2021 (22:47:46.863940),2147448125.4533
20-Jan-2021 (22:47:46.874910),2147448099.2062
20-Jan-2021 (22:47:48.676859),2147448095.5017
20-Jan-2021 (22:47:48.687830),2147448108.7957
20-Jan-2021 (22:47:50.487924),2147448107.6425
20-Jan-2021 (22:47:52.294872),2147448095.4834
20-Jan-2021 (22:47:52.305826),2147448092.8309
20-Jan-2021 (22:47:54.108903),2147448091.0975
20-Jan-2021 (22:47:54.119874),2147448080.6974
20-Jan-2021 (22:47:55.851999),2147448091.0851
20-Jan-2021 (22:47:57.658769),2147448094.4706
20-Jan-2021 (22:47:57.670710),2147448133.8021
20-Jan-2021 (22:47:59.471883),2147448117.2996
20-Jan-2021 (22:47:59.481856),2147448141.8109
20-Jan-2021 (22:48:01.285901),2147448132.3258
20-Jan-2021 (22:48:03.091814),2147448059.8111
20-Jan-2021 (22:48:03.101819),2147448098.5855
20-Jan-2021 (22:48:04.835308),2147448070.8402
20-Jan-2021 (22:48:04.846279),2147448092.2836
20-Jan-2021 (22:48:06.648890),2147448119.8712
20-Jan-2021 (22:48:06.659004),2147448127.6037
20-Jan-2021 (22:48:08.461789),2147448112.2935
20-Jan-2021 (22:48:10.268945),2147448110.3841
20-Jan-2021 (22:48:10.279988),2147448123.8144
20-Jan-2021 (22:48:12.081440),2147448103.0988
20-Jan-2021 (22:48:12.092172),2147448084.9634
20-Jan-2021 (22:48:13.894801),2147448111.6852
20-Jan-2021 (22:48:15.632057),2147448086.9489
20-Jan-2021 (22:48:15.643335),2147448087.9473
20-Jan-2021 (22:48:17.445487),2147448105.3202
20-Jan-2021 (22:48:17.455306),2147448101.4109
20-Jan-2021 (22:48:19.257514),2147448071.2795
20-Jan-2021 (22:48:19.268978),2147448107.8773
20-Jan-2021 (22:48:21.071158),2147448107.0734
20-Jan-2021 (22:48:22.878325),2147448092.1466
20-Jan-2021 (22:48:22.889296),2147448102.3304
20-Jan-2021 (22:48:24.621657),2147448104.956
20-Jan-2021 (22:48:24.632637),2147448087.9989
20-Jan-2021 (22:48:26.433932),2147448107.1284
20-Jan-2021 (22:48:28.241100),2147448086.6719
20-Jan-2021 (22:48:28.253040),2147448093.8906
20-Jan-2021 (22:48:30.053825),2147448097.1912
20-Jan-2021 (22:48:30.063800),2147448074.4404
20-Jan-2021 (22:48:31.866165),2147448113.4417
20-Jan-2021 (22:48:31.876545),2147448128.8243
20-Jan-2021 (22:48:33.610909),2147448071.2515
20-Jan-2021 (22:48:35.417168),2147448083.7784
20-Jan-2021 (22:48:35.428480),2147448105.0788
20-Jan-2021 (22:48:37.230955),2147448070.3356
20-Jan-2021 (22:48:37.239931),2147448082.9099
20-Jan-2021 (22:48:39.044106),2147448115.6102
20-Jan-2021 (22:48:40.851272),2147448086.6572
20-Jan-2021 (22:48:40.861247),2147448081.8778
20-Jan-2021 (22:48:42.593585),2147448113.2948
20-Jan-2021 (22:48:42.609542),2147448108.9382
20-Jan-2021 (22:48:44.406764),2147448086.6795
20-Jan-2021 (22:48:46.213932),2147448093.9513
20-Jan-2021 (22:48:46.223903),2147448130.592
20-Jan-2021 (22:48:48.027053),2147448101.5625
20-Jan-2021 (22:48:48.037055),2147448089.969
20-Jan-2021 (22:48:49.839230),2147448119.5842
20-Jan-2021 (22:48:49.849213),2147448109.9257
20-Jan-2021 (22:48:51.582572),2147448105.0226
20-Jan-2021 (22:48:53.389735),2147448084.9134
20-Jan-2021 (22:48:53.399712),2147448118.008
20-Jan-2021 (22:48:55.202890),2147448092.7707
20-Jan-2021 (22:48:55.213862),2147448114.936
20-Jan-2021 (22:48:57.016043),2147448104.9568
20-Jan-2021 (22:48:58.823206),2147448102.0508
20-Jan-2021 (22:48:58.834178),2147448118.7452
20-Jan-2021 (22:49:00.566546),2147448121.2138
20-Jan-2021 (22:49:00.577514),2147448096.6444
20-Jan-2021 (22:49:02.378697),2147448094.4239
20-Jan-2021 (22:49:02.390674),2147448111.4778
20-Jan-2021 (22:49:04.190937),2147448122.7088
20-Jan-2021 (22:49:05.999101),2147448134.5353
20-Jan-2021 (22:49:06.010073),2147448107.0362
20-Jan-2021 (22:49:07.812250),2147448118.6884
20-Jan-2021 (22:49:07.822226),2147448123.8691
20-Jan-2021 (22:49:09.624411),2147448101.5161
20-Jan-2021 (22:49:11.362760),2147448091.7425
20-Jan-2021 (22:49:11.372734),2147448112.3599
20-Jan-2021 (22:49:13.174883),2147448106.8678
20-Jan-2021 (22:49:13.184883),2147448114.4818
20-Jan-2021 (22:49:14.988134),2147448086.6396
20-Jan-2021 (22:49:16.795342),2147448108.0487
20-Jan-2021 (22:49:16.806323),2147448102.0282
20-Jan-2021 (22:49:18.607506),2147448094.6592
20-Jan-2021 (22:49:18.618476),2147448092.1323
20-Jan-2021 (22:49:20.351840),2147448126.5876
20-Jan-2021 (22:49:20.362811),2147448107.9648
20-Jan-2021 (22:49:22.163996),2147448109.5878
20-Jan-2021 (22:49:23.972155),2147448111.3273
20-Jan-2021 (22:49:23.982132),2147448105.6037
20-Jan-2021 (22:49:25.784311),2147448123.75
20-Jan-2021 (22:49:25.794284),2147448088.3747
20-Jan-2021 (22:49:27.597434),2147448096.2567
20-Jan-2021 (22:49:29.334816),2147448064.5376
20-Jan-2021 (22:49:29.344791),2147448096.2132
20-Jan-2021 (22:49:31.148682),2147448104.0239
20-Jan-2021 (22:49:31.157662),2147448077.8676
20-Jan-2021 (22:49:32.960838),2147448113.5288
20-Jan-2021 (22:49:32.970811),2147448098.1012
20-Jan-2021 (22:49:34.773992),2147448100.3368
20-Jan-2021 (22:49:36.581128),2147448080.6962
20-Jan-2021 (22:49:36.592126),2147448105.9183
20-Jan-2021 (22:49:38.324493),2147448113.2864
20-Jan-2021 (22:49:38.333468),2147448080.3855
20-Jan-2021 (22:49:40.136646),2147448097.7923
20-Jan-2021 (22:49:41.944810),2147448125.1121
20-Jan-2021 (22:49:41.955781),2147448093.891
20-Jan-2021 (22:49:43.756964),2147448081.7701
20-Jan-2021 (22:49:43.766937),2147448122.7412
20-Jan-2021 (22:49:45.569116),2147448138.7151
20-Jan-2021 (22:49:47.307467),2147448123.1303
20-Jan-2021 (22:49:47.317441),2147448085.1817
20-Jan-2021 (22:49:49.120619),2147448137.3291
20-Jan-2021 (22:49:49.131561),2147448115.3355
20-Jan-2021 (22:49:50.932762),2147448086.9941
20-Jan-2021 (22:49:50.941784),2147448107.0201
20-Jan-2021 (22:49:52.745949),2147448100.7047
20-Jan-2021 (22:49:54.554117),2147448125.6545
20-Jan-2021 (22:49:54.564086),2147448109.516
20-Jan-2021 (22:49:56.296453),2147448114.5125
20-Jan-2021 (22:49:56.307424),2147448086.8356
20-Jan-2021 (22:49:58.109649),2147448129.7059
